"id","city_name","price","date","variety","item_size","origin"
1,"ATLANTA",147.375,"09/24/2016","HOWDEN TYPE","jbo","MICHIGAN"
2,"ATLANTA",149.875,"09/24/2016","HOWDEN TYPE","xlge","MICHIGAN"
3,"ATLANTA",152.375,"09/24/2016","HOWDEN TYPE","med-lge","MICHIGAN"
4,"ATLANTA",150,"09/24/2016","HOWDEN TYPE","sml","MICHIGAN"
5,"ATLANTA",147.375,"10/01/2016","HOWDEN TYPE","jbo","MICHIGAN"
6,"ATLANTA",149.875,"10/01/2016","HOWDEN TYPE","xlge","MICHIGAN"
7,"ATLANTA",152.375,"10/01/2016","HOWDEN TYPE","med-lge","MICHIGAN"
8,"ATLANTA",150,"10/01/2016","HOWDEN TYPE","sml","MICHIGAN"
9,"ATLANTA",147.375,"10/08/2016","HOWDEN TYPE","jbo","MICHIGAN"
10,"ATLANTA",149.875,"10/08/2016","HOWDEN TYPE","xlge","MICHIGAN"
11,"ATLANTA",152.375,"10/08/2016","HOWDEN TYPE","med-lge","MICHIGAN"
12,"ATLANTA",150,"10/08/2016","HOWDEN TYPE","sml","MICHIGAN"
13,"ATLANTA",142.5,"10/15/2016","HOWDEN TYPE","med","ALABAMA"
14,"ATLANTA",147.375,"10/15/2016","HOWDEN TYPE","jbo","MICHIGAN"
15,"ATLANTA",149.875,"10/15/2016","HOWDEN TYPE","xlge","MICHIGAN"
16,"ATLANTA",152.375,"10/15/2016","HOWDEN TYPE","med-lge","MICHIGAN"
17,"ATLANTA",150,"10/15/2016","HOWDEN TYPE","sml","MICHIGAN"
18,"ATLANTA",142.5,"10/22/2016","HOWDEN TYPE","med","ALABAMA"
19,"ATLANTA",147.375,"10/22/2016","HOWDEN TYPE","jbo","MICHIGAN"
20,"ATLANTA",149.875,"10/22/2016","HOWDEN TYPE","xlge","MICHIGAN"
21,"ATLANTA",152.375,"10/22/2016","HOWDEN TYPE","med-lge","MICHIGAN"
22,"ATLANTA",150,"10/22/2016","HOWDEN TYPE","sml","MICHIGAN"
23,"ATLANTA",142.5,"10/29/2016","HOWDEN TYPE","med","ALABAMA"
24,"ATLANTA",147.375,"10/29/2016","HOWDEN TYPE","jbo","MICHIGAN"
25,"ATLANTA",149.875,"10/29/2016","HOWDEN TYPE","xlge","MICHIGAN"
26,"ATLANTA",152.375,"10/29/2016","HOWDEN TYPE","med-lge","MICHIGAN"
27,"ATLANTA",150,"10/29/2016","HOWDEN TYPE","sml","MICHIGAN"
28,"ATLANTA",142.5,"11/05/2016","HOWDEN TYPE","med","ALABAMA"
29,"ATLANTA",147.375,"11/05/2016","HOWDEN TYPE","jbo","MICHIGAN"
30,"ATLANTA",149.875,"11/05/2016","HOWDEN TYPE","xlge","MICHIGAN"
31,"ATLANTA",152.375,"11/05/2016","HOWDEN TYPE","med-lge","MICHIGAN"
32,"ATLANTA",150,"11/05/2016","HOWDEN TYPE","sml","MICHIGAN"
33,"ATLANTA",150,"09/30/2017","HOWDEN TYPE","med","CANADA"
34,"ATLANTA",142.5,"09/30/2017","HOWDEN TYPE","lge","MICHIGAN"
35,"ATLANTA",140,"09/30/2017","HOWDEN TYPE","lge","TENNESSEE"
40,"ATLANTA",135,"09/24/2016","PIE TYPE","sml","NORTH CAROLINA"
41,"ATLANTA",135,"10/01/2016","PIE TYPE","sml","NORTH CAROLINA"
42,"ATLANTA",135,"10/08/2016","PIE TYPE","sml","NORTH CAROLINA"
43,"ATLANTA",135,"10/15/2016","PIE TYPE","sml","NORTH CAROLINA"
44,"ATLANTA",135,"10/22/2016","PIE TYPE","sml","NORTH CAROLINA"
45,"ATLANTA",135,"10/29/2016","PIE TYPE","sml","NORTH CAROLINA"
46,"ATLANTA",129.25,"11/05/2016","PIE TYPE","sml","NORTH CAROLINA"
47,"ATLANTA",129.25,"11/12/2016","PIE TYPE","sml","NORTH CAROLINA"
48,"ATLANTA",129.25,"11/19/2016","PIE TYPE","sml","NORTH CAROLINA"
49,"ATLANTA",129.25,"11/26/2016","PIE TYPE","sml","NORTH CAROLINA"
50,"ATLANTA",248,"09/24/2016","PIE TYPE","sml","MICHIGAN"
51,"ATLANTA",248,"10/01/2016","PIE TYPE","sml","MICHIGAN"
52,"ATLANTA",248,"10/08/2016","PIE TYPE","sml","MICHIGAN"
53,"ATLANTA",248,"10/15/2016","PIE TYPE","sml","MICHIGAN"
54,"ATLANTA",248,"10/22/2016","PIE TYPE","sml","MICHIGAN"
55,"ATLANTA",248,"10/29/2016","PIE TYPE","sml","MICHIGAN"
56,"ATLANTA",248,"11/05/2016","PIE TYPE","sml","MICHIGAN"
