replicate,recipe,angle,temperature
1,A,42,175
1,A,46,185
1,A,47,195
1,A,39,205
1,A,53,215
1,A,42,225
1,B,39,175
1,B,46,185
1,B,51,195
1,B,49,205
1,B,55,215
1,B,42,225
1,C,46,175
1,C,44,185
1,C,45,195
1,C,46,205
1,C,48,215
1,C,63,225
2,A,47,175
2,A,29,185
2,A,35,195
2,A,47,205
2,A,57,215
2,A,45,225
2,B,35,175
2,B,46,185
2,B,47,195
2,B,39,205
2,B,52,215
2,B,61,225
2,C,43,175
2,C,43,185
2,C,43,195
2,C,46,205
2,C,47,215
2,C,58,225
3,A,32,175
3,A,32,185
3,A,37,195
3,A,43,205
3,A,45,215
3,A,45,225
3,B,34,175
3,B,30,185
3,B,42,195
3,B,35,205
3,B,42,215
3,B,35,225
3,C,33,175
3,C,24,185
3,C,40,195
3,C,37,205
3,C,41,215
3,C,38,225
4,A,26,175
4,A,32,185
4,A,35,195
4,A,24,205
4,A,39,215
4,A,26,225
4,B,25,175
4,B,26,185
4,B,28,195
4,B,46,205
4,B,37,215
4,B,37,225
4,C,38,175
4,C,41,185
4,C,38,195
4,C,30,205
4,C,36,215
4,C,35,225
5,A,28,175
5,A,30,185
5,A,31,195
5,A,37,205
5,A,41,215
5,A,47,225
5,B,31,175
5,B,30,185
5,B,29,195
5,B,35,205
5,B,40,215
5,B,36,225
5,C,21,175
5,C,25,185
5,C,31,195
5,C,35,205
5,C,33,215
5,C,23,225
6,A,24,175
6,A,22,185
6,A,22,195
6,A,29,205
6,A,35,215
6,A,26,225
6,B,24,175
6,B,29,185
6,B,29,195
6,B,29,205
6,B,24,215
6,B,35,225
6,C,24,175
6,C,33,185
6,C,30,195
6,C,30,205
6,C,37,215
6,C,35,225
7,A,26,175
7,A,23,185
7,A,25,195
7,A,27,205
7,A,33,215
7,A,35,225
7,B,22,175
7,B,25,185
7,B,26,195
7,B,26,205
7,B,29,215
7,B,36,225
7,C,20,175
7,C,21,185
7,C,31,195
7,C,24,205
7,C,30,215
7,C,33,225
8,A,24,175
8,A,33,185
8,A,23,195
8,A,32,205
8,A,31,215
8,A,34,225
8,B,26,175
8,B,23,185
8,B,24,195
8,B,31,205
8,B,27,215
8,B,37,225
8,C,24,175
8,C,23,185
8,C,21,195
8,C,24,205
8,C,21,215
8,C,35,225
9,A,24,175
9,A,27,185
9,A,28,195
9,A,33,205
9,A,34,215
9,A,23,225
9,B,27,175
9,B,26,185
9,B,32,195
9,B,28,205
9,B,32,215
9,B,33,225
9,C,24,175
9,C,18,185
9,C,21,195
9,C,26,205
9,C,28,215
9,C,28,225
10,A,24,175
10,A,33,185
10,A,27,195
10,A,31,205
10,A,30,215
10,A,33,225
10,B,21,175
10,B,24,185
10,B,24,195
10,B,27,205
10,B,37,215
10,B,30,225
10,C,26,175
10,C,28,185
10,C,27,195
10,C,27,205
10,C,35,215
10,C,35,225
11,A,33,175
11,A,39,185
11,A,33,195
11,A,28,205
11,A,33,215
11,A,30,225
11,B,20,175
11,B,27,185
11,B,33,195
11,B,31,205
11,B,28,215
11,B,33,225
11,C,28,175
11,C,25,185
11,C,26,195
11,C,25,205
11,C,38,215
11,C,28,225
12,A,28,175
12,A,31,185
12,A,27,195
12,A,39,205
12,A,35,215
12,A,43,225
12,B,23,175
12,B,28,185
12,B,31,195
12,B,34,205
12,B,31,215
12,B,29,225
12,C,24,175
12,C,30,185
12,C,28,195
12,C,35,205
12,C,33,215
12,C,28,225
13,A,29,175
13,A,28,185
13,A,31,195
13,A,29,205
13,A,37,215
13,A,33,225
13,B,32,175
13,B,35,185
13,B,30,195
13,B,27,205
13,B,35,215
13,B,30,225
13,C,28,175
13,C,29,185
13,C,43,195
13,C,28,205
13,C,33,215
13,C,37,225
14,A,24,175
14,A,40,185
14,A,29,195
14,A,40,205
14,A,40,215
14,A,31,225
14,B,23,175
14,B,25,185
14,B,22,195
14,B,19,205
14,B,21,215
14,B,35,225
14,C,19,175
14,C,22,185
14,C,27,195
14,C,25,205
14,C,25,215
14,C,35,225
15,A,26,175
15,A,28,185
15,A,32,195
15,A,25,205
15,A,37,215
15,A,33,225
15,B,21,175
15,B,21,185
15,B,28,195
15,B,26,205
15,B,27,215
15,B,20,225
15,C,21,175
15,C,28,185
15,C,25,195
15,C,25,205
15,C,31,215
15,C,25,225
