"team_name","fifa_code","player_name","position","matches_played","matches_started","minutes_played","goals","assists","yellow_cards","red_cards","own_goals","saves","goals_conceded"
"Mexico","MEX","José Raúl Rangel","GK",5,5,438,0,0,0,0,0,7,3
"Mexico","MEX","Jorge Eduardo Sanchez","DEF",5,5,439,0,1,0,0,0,NA,NA
"Mexico","MEX","César Jasib Montes","DEF",3,2,165,0,0,0,1,0,NA,NA
"Mexico","MEX","Edson Omar Alvarez","DEF",2,0,75,0,0,1,0,0,NA,NA
"Mexico","MEX","Johan Felipe Vasquez","DEF",2,2,180,0,0,0,0,0,NA,NA
"Mexico","MEX","Erik Antonio Lira","MID",5,5,450,0,1,1,0,0,NA,NA
"Mexico","MEX","Luis Francisco Romo","MID",4,2,194,1,1,0,0,0,NA,NA
"Mexico","MEX","Álvaro Fidalgo","MID",2,0,41,1,0,0,0,0,NA,NA
"Mexico","MEX","Raúl Alonso Jimenez","FWD",3,2,193,3,0,0,0,0,NA,NA
"Mexico","MEX","Ernesto Alexis Vega","FWD",0,0,0,0,0,0,0,0,NA,NA
"Mexico","MEX","Santiago Tomás Gimenez","FWD",5,3,316,0,0,0,0,0,NA,NA
"Mexico","MEX","Carlos Acevedo","GK",0,0,0,0,0,0,0,0,0,0
"Mexico","MEX","Francisco Guillermo Ochoa","GK",1,0,12,0,0,0,0,0,0,0
"Mexico","MEX","Armando Gonzalez","FWD",0,0,0,0,0,0,0,0,NA,NA
"Mexico","MEX","Israel Reyes","DEF",4,3,280,0,0,0,0,0,NA,NA
"Mexico","MEX","Julián Andrés Quinones","FWD",4,2,221,4,1,0,0,0,NA,NA
"Mexico","MEX","Orbelín Pineda","MID",4,3,280,0,0,0,0,0,NA,NA
"Mexico","MEX","Obed Goméz Vargas","MID",1,0,17,0,0,0,0,0,NA,NA
"Mexico","MEX","Gilberto Rafael Mora","MID",5,5,390,0,0,0,0,0,NA,NA
"Mexico","MEX","Mateo Chavez","DEF",3,3,270,1,0,0,0,0,NA,NA
"Mexico","MEX","César Saúl Huerta","FWD",0,0,0,0,0,0,0,0,NA,NA
"Mexico","MEX","Guillermo Martinez","FWD",4,3,279,0,0,0,0,0,NA,NA
"Mexico","MEX","Jesús Daniel Gallardo","DEF",5,5,450,0,0,0,0,0,NA,NA
"Mexico","MEX","Luis Gerardo Chavez","MID",3,3,270,0,0,0,0,0,NA,NA
"Mexico","MEX","Roberto Carlos Alvarado","FWD",4,2,230,0,3,0,0,0,NA,NA
"Mexico","MEX","Brian Gutierrez","MID",2,0,60,0,0,0,0,0,NA,NA
"South Africa","RSA","Ronwen Hayden Williams","GK",4,4,360,0,0,0,0,0,17,4
"South Africa","RSA","Tholo Thabang Matuludi","DEF",0,0,0,0,0,0,0,0,NA,NA
"South Africa","RSA","Khulumani Ndamane","DEF",0,0,0,0,0,0,0,0,NA,NA
"South Africa","RSA","Teboho Mokoena","MID",3,3,270,1,0,1,0,0,NA,NA
"South Africa","RSA","Thalente Wandile Mbatha","MID",4,2,258,0,0,1,0,0,NA,NA
"South Africa","RSA","Aubrey Maphosa Modiba","DEF",4,4,346,0,0,0,0,0,NA,NA
"South Africa","RSA","Oswin Reagan Appollis","FWD",4,3,256,0,0,0,0,0,NA,NA
"South Africa","RSA","Tshepang Moremi","FWD",2,0,32,0,1,0,0,0,NA,NA
"South Africa","RSA","Lyle Brent Foster","FWD",1,1,56,0,0,0,0,0,NA,NA
"South Africa","RSA","Relebohile Mofokeng","FWD",3,2,170,0,0,0,0,0,NA,NA
"South Africa","RSA","Themba Zwane","MID",1,0,29,0,0,0,1,0,NA,NA
"South Africa","RSA","Thapelo Maseko","FWD",3,3,245,1,0,0,0,0,NA,NA
"South Africa","RSA","Sphephelo S'miso Sithole","MID",3,3,270,0,0,0,1,0,NA,NA
"South Africa","RSA","Mbekezeli Mfanufikile Mbokazi","DEF",4,4,360,0,0,0,0,0,NA,NA
"South Africa","RSA","Iqraam Rayners","FWD",4,2,161,0,0,0,0,0,NA,NA
"South Africa","RSA","Sipho Justin Chaine","GK",0,0,0,0,0,0,0,0,0,0
"South Africa","RSA","Sekotori Evidence Makgopa","FWD",4,2,214,0,0,0,0,0,NA,NA
"South Africa","RSA","Samukele Alucious Kabini","DEF",0,0,0,0,0,0,0,0,NA,NA
"South Africa","RSA","Nkosinathi Emmanuel Sibisi","DEF",1,1,90,0,0,0,0,0,NA,NA
"South Africa","RSA","Khuliso Johnson Mudau","DEF",4,4,360,0,0,0,0,0,NA,NA
"South Africa","RSA","Ime Daniel Okon","DEF",4,4,360,0,0,0,0,0,NA,NA
"South Africa","RSA","Stuart Ricardo Goss","GK",0,0,0,0,0,0,0,0,0,0
"South Africa","RSA","Jayden Oswin Adams","MID",3,2,117,0,0,0,0,0,NA,NA
"South Africa","RSA","Olwethu Mpilwenhle Makhanya","DEF",0,0,0,0,0,0,0,0,NA,NA
"South Africa","RSA","Kamogelo Michael Sebelebele","FWD",1,0,6,0,0,0,0,0,NA,NA
"South Africa","RSA","Bradley Paul Cross","DEF",0,0,0,0,0,0,0,0,NA,NA
"South Korea","KOR","Seunggyu Kim","GK",3,3,270,0,0,0,0,0,8,3
"South Korea","KOR","Hanbeom Lee","DEF",3,3,270,0,0,0,0,0,NA,NA
"South Korea","KOR","Gihyuk Lee","MID",3,3,270,0,0,0,0,0,NA,NA
"South Korea","KOR","Minjae Kim","DEF",3,3,245,0,0,1,0,0,NA,NA
"South Korea","KOR","Taehyeon Kim","DEF",0,0,0,0,0,0,0,0,NA,NA
"South Korea","KOR","Inbeom Hwang","MID",3,3,264,1,1,0,0,0,NA,NA
"South Korea","KOR","Heung Min Son","FWD",3,2,170,0,0,0,0,0,NA,NA
"South Korea","KOR","Seungho Paik","MID",3,3,207,0,0,0,0,0,NA,NA
"South Korea","KOR","Guesung Cho","FWD",2,0,29,0,0,0,0,0,NA,NA
"South Korea","KOR","Jae Sung Lee","MID",2,2,119,0,0,0,0,0,NA,NA
"South Korea","KOR","Hee Chan Hwang","MID",3,1,107,0,0,0,0,0,NA,NA
"South Korea","KOR","Bumkeun Song","GK",0,0,0,0,0,0,0,0,0,0
"South Korea","KOR","Taeseok Lee","DEF",2,2,115,0,0,0,0,0,NA,NA
"South Korea","KOR","Wije Cho","DEF",0,0,0,0,0,0,0,0,NA,NA
"South Korea","KOR","Moonhwan Kim","DEF",1,1,71,0,0,0,0,0,NA,NA
"South Korea","KOR","Jinseob Park","DEF",2,0,31,0,0,0,0,0,NA,NA
"South Korea","KOR","Junho Bae","MID",0,0,0,0,0,0,0,0,NA,NA
"South Korea","KOR","Hyeongyu Oh","FWD",3,1,128,1,0,0,0,0,NA,NA
"South Korea","KOR","Kangin Lee","MID",3,3,270,0,1,0,0,0,NA,NA
"South Korea","KOR","Hyunjun Yang","MID",1,0,19,0,0,0,0,0,NA,NA
"South Korea","KOR","Hyeonwoo Jo","GK",0,0,0,0,0,0,0,0,0,0
"South Korea","KOR","Youngwoo Seol","DEF",3,3,251,0,0,0,0,0,NA,NA
"South Korea","KOR","Jens Castrop","DEF",1,0,44,0,0,0,0,0,NA,NA
"South Korea","KOR","Jingyu Kim","MID",2,0,50,0,0,0,0,0,NA,NA
"South Korea","KOR","Jisung Eom","MID",2,0,40,0,0,0,0,0,NA,NA
"South Korea","KOR","Donggyeong Lee","MID",0,0,0,0,0,0,0,0,NA,NA
"Czechia","CZE","Mat ě j Kovar","GK",3,3,270,0,0,0,0,0,9,6
"Czechia","CZE","David Zima","DEF",1,0,12,0,0,0,0,0,NA,NA
"Czechia","CZE","Tomáš Holes","DEF",2,2,154,0,0,0,0,0,NA,NA
"Czechia","CZE","Robin Hranac","DEF",3,3,270,0,0,0,0,0,NA,NA
"Czechia","CZE","Vladimír Coufal","DEF",3,3,270,0,1,0,0,0,NA,NA
"Czechia","CZE","ě pán Chaloupek","DEF",1,1,90,0,0,0,0,0,NA,NA
"Czechia","CZE","Ladislav Krejci","DEF",3,3,270,1,0,1,0,0,NA,NA
"Czechia","CZE","Vladimír Darida","MID",1,1,55,0,0,0,0,0,NA,NA
"Czechia","CZE","Adam Hlozek","FWD",3,2,158,0,0,0,0,0,NA,NA
"Czechia","CZE","Patrik Schick","FWD",3,2,179,0,0,0,0,0,NA,NA
"Czechia","CZE","Jan Kuchta","FWD",0,0,0,0,0,0,0,0,NA,NA
"Czechia","CZE","Lukáš Cerv","MID",2,2,165,0,0,0,0,0,NA,NA
"Czechia","CZE","Mojmír Chytil","FWD",1,0,6,0,0,0,0,0,NA,NA
"Czechia","CZE","David Jurasek","DEF",0,0,0,0,0,0,0,0,NA,NA
"Czechia","CZE","Pavel Sulc","FWD",3,2,188,0,0,0,0,0,NA,NA
"Czechia","CZE","Jind ř ich Stanek","GK",0,0,0,0,0,0,0,0,0,0
"Czechia","CZE","Lukáš Provod","MID",3,1,120,0,0,0,0,0,NA,NA
"Czechia","CZE","Michal Sadilek","MID",3,2,184,1,0,0,0,0,NA,NA
"Czechia","CZE","Tomáš Chory","FWD",2,0,30,0,0,0,0,0,NA,NA
"Czechia","CZE","Jaroslav Zeleny","DEF",2,1,125,0,0,0,0,0,NA,NA
"Czechia","CZE","David Doudera","DEF",1,1,90,0,0,0,0,0,NA,NA
"Czechia","CZE","Tomáš Soucek","MID",3,1,136,0,0,0,0,0,NA,NA
"Czechia","CZE","Lukáš Hornicek","GK",0,0,0,0,0,0,0,0,0,0
"Czechia","CZE","Alexandr Sojka","MID",3,2,142,0,1,0,0,0,NA,NA
"Czechia","CZE","Hugo Sochurek","MID",0,0,0,0,0,0,0,0,NA,NA
"Czechia","CZE","Denis Visinsky","FWD",1,1,56,0,0,0,0,0,NA,NA
"Canada","CAN","Dayne Tristan St. Clair","GK",1,0,30,0,0,0,0,0,0,0
"Canada","CAN","Alistair William Johnston","DEF",5,5,450,0,0,0,0,0,NA,NA
"Canada","CAN","Alfie Charles Jones","DEF",1,1,90,0,0,0,0,0,NA,NA
"Canada","CAN","Luc De Fougerolles","DEF",4,3,282,0,0,0,0,0,NA,NA
"Canada","CAN","Joel Robert Waterman","DEF",0,0,0,0,0,0,0,0,NA,NA
"Canada","CAN","Mathieu Choiniere","MID",1,1,58,0,0,0,0,0,NA,NA
"Canada","CAN","Stephen Eustaquio","MID",5,4,392,1,0,0,0,0,NA,NA
"Canada","CAN","Ismaël Kenneth Jordan Kone","MID",3,3,236,0,0,1,0,0,NA,NA
"Canada","CAN","Cyle Christopher Larin","FWD",3,2,162,2,0,0,0,0,NA,NA
"Canada","CAN","Jonathan Christian David","FWD",5,5,421,3,0,0,0,0,NA,NA
"Canada","CAN","Liam Alan Millar","MID",3,2,163,0,0,0,0,0,NA,NA
"Canada","CAN","Tanitoluwa Oluwatimilehin Oluwaseyi","FWD",4,2,197,0,0,0,0,0,NA,NA
"Canada","CAN","Derek Austin Cornelius","DEF",4,4,316,0,0,0,0,0,NA,NA
"Canada","CAN","Jacob Everett Shaffelburg","MID",5,1,165,0,0,0,0,0,NA,NA
"Canada","CAN","Moïse Bombito Bombito","DEF",3,2,193,0,0,0,0,0,NA,NA
"Canada","CAN","Maxime Crepeau","GK",5,5,450,0,0,0,0,0,7,6
"Canada","CAN","Tajon Trevor Buchanan","FWD",4,4,293,0,0,0,0,0,NA,NA
"Canada","CAN","Owen Olamidayo Goodman","GK",0,0,0,0,0,0,0,0,0,0
"Canada","CAN","Alphonso Boyle Davies","DEF",2,1,105,0,0,0,0,0,NA,NA
"Canada","CAN","Ali Ahmed","FWD",3,2,158,0,0,0,0,0,NA,NA
"Canada","CAN","Jonathan Osorio","MID",1,0,1,0,0,0,0,0,NA,NA
"Canada","CAN","Richmond Mamah Laryea","DEF",4,4,353,0,0,0,0,0,NA,NA
"Canada","CAN","Niko Kristian Sigur","DEF",2,0,38,0,0,0,0,0,NA,NA
"Canada","CAN","Promise Oluwatobi Emmanuel David","FWD",4,1,155,1,1,0,0,0,NA,NA
"Canada","CAN","Nathan-Dylan Saliba","MID",4,3,273,1,2,0,0,0,NA,NA
"Canada","CAN","Jayden Nelson","FWD",0,0,0,0,0,0,0,0,NA,NA
"Bosnia and Herzegovina","BIH","Nikola Vasilj","GK",4,4,360,0,0,0,0,0,12,8
"Bosnia and Herzegovina","BIH","Nihad Mujakic","DEF",0,0,0,0,0,0,0,0,NA,NA
"Bosnia and Herzegovina","BIH","Dennis Hadzikadunic","DEF",1,0,27,0,1,0,0,0,NA,NA
"Bosnia and Herzegovina","BIH","Tarik Muharemovic","DEF",3,3,270,0,0,0,1,0,NA,NA
"Bosnia and Herzegovina","BIH","Sead Kolasinac","DEF",4,4,338,0,1,0,0,0,NA,NA
"Bosnia and Herzegovina","BIH","Benjamin Tahirovic","MID",4,2,236,0,0,0,0,0,NA,NA
"Bosnia and Herzegovina","BIH","Amar Dedic","DEF",3,3,270,0,0,0,0,0,NA,NA
"Bosnia and Herzegovina","BIH","Armin Gigovic","MID",2,1,79,0,0,0,0,0,NA,NA
"Bosnia and Herzegovina","BIH","Samed Bazdar","FWD",1,0,28,0,0,0,0,0,NA,NA
"Bosnia and Herzegovina","BIH","Ermedin Demirovic","FWD",4,4,355,0,0,0,0,0,NA,NA
"Bosnia and Herzegovina","BIH","Edin Dzeko","FWD",3,3,177,0,0,0,0,0,NA,NA
"Bosnia and Herzegovina","BIH","Mladen Jurkas","GK",0,0,0,0,0,0,0,0,0,0
"Bosnia and Herzegovina","BIH","Ivan Basic","MID",3,2,179,0,1,0,0,0,NA,NA
"Bosnia and Herzegovina","BIH","Ivan Sunjic","MID",4,3,198,0,0,0,0,0,NA,NA
"Bosnia and Herzegovina","BIH","Amar Memic","MID",4,2,223,0,0,0,0,0,NA,NA
"Bosnia and Herzegovina","BIH","Amir Hadziahmetovic","MID",1,0,5,0,0,1,0,0,NA,NA
"Bosnia and Herzegovina","BIH","Dzenis Burnic","MID",2,0,15,0,0,0,0,0,NA,NA
"Bosnia and Herzegovina","BIH","Nikola Katic","DEF",4,4,318,0,0,0,0,0,NA,NA
"Bosnia and Herzegovina","BIH","Kerim Alajbegovic","FWD",4,3,278,1,0,0,0,0,NA,NA
"Bosnia and Herzegovina","BIH","Esmir Bajraktarevic","FWD",4,2,230,0,0,0,0,0,NA,NA
"Bosnia and Herzegovina","BIH","Stjepan Radeljic","DEF",2,2,180,0,0,0,0,0,NA,NA
"Bosnia and Herzegovina","BIH","Martin Zlomislic","GK",0,0,0,0,0,0,0,0,0,0
"Bosnia and Herzegovina","BIH","Haris Tabakovic","FWD",1,0,15,0,0,0,0,0,NA,NA
"Bosnia and Herzegovina","BIH","Arjan Malic","DEF",1,1,46,0,0,0,0,0,NA,NA
"Bosnia and Herzegovina","BIH","Jovo Lukic","FWD",2,1,67,1,0,0,0,0,NA,NA
"Bosnia and Herzegovina","BIH","Ermin Mahmic","MID",3,0,67,2,0,0,0,0,NA,NA
"Qatar","QAT","Ibrahim Mahmoud Abunada","GK",3,3,270,0,0,0,0,1,16,10
"Qatar","QAT","Miguel Pedro","DEF",3,3,270,0,0,0,0,0,NA,NA
"Qatar","QAT","Michel Lucas","DEF",1,0,3,0,0,0,0,0,NA,NA
"Qatar","QAT","Gueye Issa Laye","DEF",3,3,270,0,0,0,0,0,NA,NA
"Qatar","QAT","Gaber Jassem","DEF",3,3,152,0,0,0,0,0,NA,NA
"Qatar","QAT","Hatim Abdulaziz Hatem","MID",1,0,44,0,0,0,0,0,NA,NA
"Qatar","QAT","Alaaeldin Ahmed","FWD",2,0,41,0,0,0,0,0,NA,NA
"Qatar","QAT","Junior Edmilson","FWD",3,3,213,0,1,0,0,0,NA,NA
"Qatar","QAT","Mohammed Mohammed Muntari","FWD",0,0,0,0,0,0,0,0,NA,NA
"Qatar","QAT","Khalid Hassan Alhaydos","FWD",2,1,57,1,0,0,0,0,NA,NA
"Qatar","QAT","Hassan Akram","FWD",3,3,239,0,0,0,0,0,NA,NA
"Qatar","QAT","Karim Karim Boudiaf","MID",3,1,132,0,0,1,0,0,NA,NA
"Qatar","QAT","Mohamed Ayoub Aloui","DEF",2,2,150,0,0,0,0,0,NA,NA
"Qatar","QAT","Elamin Homam","DEF",2,2,180,0,0,0,1,0,NA,NA
"Qatar","QAT","Abdurisag Yusuf Abdurisag","FWD",2,2,100,0,0,0,0,0,NA,NA
"Qatar","QAT","KHOUKHIBoualem Boualem","DEF",3,3,270,0,0,0,0,0,NA,NA
"Qatar","QAT","Mohamed Ahmed Alganehi","MID",1,0,35,0,0,0,0,0,NA,NA
"Qatar","QAT","Hussain Sultan","DEF",2,1,140,0,0,0,0,0,NA,NA
"Qatar","QAT","Ali Zainelabdeen Almoez","FWD",1,0,18,0,0,0,0,0,NA,NA
"Qatar","QAT","Fathy Ahmed Fathy","MID",3,1,150,0,0,0,0,0,NA,NA
"Qatar","QAT","Zakaria Salah Zakaria","GK",0,0,0,0,0,0,0,0,0,0
"Qatar","QAT","Aissa Meshaal Barsham","GK",0,0,0,0,0,0,0,0,0,0
"Qatar","QAT","Omer Assim Madibo","MID",2,2,169,0,0,0,1,0,NA,NA
"Qatar","QAT","Mohammad Tahsin","FWD",0,0,0,0,0,0,0,0,NA,NA
"Qatar","QAT","Alhussein Alhashmi","DEF",1,0,31,0,0,0,0,0,NA,NA
"Qatar","QAT","Naceur Mohamed Manai","FWD",3,0,66,0,0,0,0,1,NA,NA
"Switzerland","SUI","Gregor Kobel","GK",6,6,540,0,0,0,0,0,19,6
"Switzerland","SUI","Miro Max Maria Muheim","DEF",1,0,1,0,0,0,0,1,NA,NA
"Switzerland","SUI","Silvan Dominic Widmer","DEF",3,1,105,0,0,0,0,0,NA,NA
"Switzerland","SUI","Nico Elvedi","DEF",4,4,360,0,0,0,0,0,NA,NA
"Switzerland","SUI","Manuel Obafemi Akanji","DEF",6,6,540,0,0,0,0,0,NA,NA
"Switzerland","SUI","Denis Lemi Zakaria","MID",4,4,357,0,0,0,0,0,NA,NA
"Switzerland","SUI","Breel Donald Embolo","FWD",4,4,347,2,2,0,0,0,NA,NA
"Switzerland","SUI","Remo Marco Freuler","MID",4,4,340,0,0,0,0,0,NA,NA
"Switzerland","SUI","Johan Kula Manzambi","MID",6,4,378,3,2,0,0,0,NA,NA
"Switzerland","SUI","Granit Xhaka","MID",4,4,360,1,1,1,0,0,NA,NA
"Switzerland","SUI","Dan Ndoye","FWD",6,5,415,2,0,0,0,0,NA,NA
"Switzerland","SUI","Yvon Landry Mvogo","GK",0,0,0,0,0,0,0,0,0,0
"Switzerland","SUI","Ricardo Ivan Rodriguez","DEF",6,6,539,0,1,0,0,0,NA,NA
"Switzerland","SUI","Ardon Jashari","MID",3,2,181,0,0,0,0,0,NA,NA
"Switzerland","SUI","Djibril Ibrahima Sow","MID",5,3,291,0,0,0,0,0,NA,NA
"Switzerland","SUI","Christian Andreas Fassnacht","FWD",1,0,5,0,0,0,0,0,NA,NA
"Switzerland","SUI","Ruben Estephan Vargas","FWD",4,3,248,2,2,0,0,0,NA,NA
"Switzerland","SUI","Eray Ervin Coemert","DEF",0,0,0,0,0,0,0,0,NA,NA
"Switzerland","SUI","Noah Arinzechukwu Okafor","FWD",3,2,199,0,0,0,0,0,NA,NA
"Switzerland","SUI","Michel Aebischer","MID",4,2,157,0,0,0,0,0,NA,NA
"Switzerland","SUI","Marvin Keller","GK",0,0,0,0,0,0,0,0,0,0
"Switzerland","SUI","Fabian Rieder","MID",3,1,115,0,0,0,0,0,NA,NA
"Switzerland","SUI","Mohamed Zeki Amdouni","FWD",2,0,18,0,0,0,0,0,NA,NA
"Switzerland","SUI","Aurèle Florian Amenda","DEF",2,2,180,0,0,0,0,0,NA,NA
"Switzerland","SUI","Luca Antony Jaquez","DEF",4,3,258,0,0,0,0,0,NA,NA
"Switzerland","SUI","Cedric Jan Itten","FWD",2,0,6,0,0,0,0,0,NA,NA
"Brazil","BRA","Ramsés Alisson","GK",5,5,450,0,0,0,0,0,9,4
"Brazil","BRA","José Ederson Silva","MID",2,0,20,0,0,0,0,0,NA,NA
"Brazil","BRA","Gabriel Gabriel Magalhaes","DEF",5,5,450,0,1,0,0,0,NA,NA
"Brazil","BRA","MARQUINHOSMarcos","DEF",5,5,450,0,0,0,0,0,NA,NA
"Brazil","BRA","Henrique","MID",5,5,382,1,0,0,0,0,NA,NA
"Brazil","BRA","Sandro Alex","DEF",1,0,8,0,0,0,0,0,NA,NA
"Brazil","BRA","José Vinicius","FWD",5,5,441,4,1,0,0,0,NA,NA
"Brazil","BRA","GUIMARAESBruno Bruno","MID",5,5,420,0,4,0,0,0,NA,NA
"Brazil","BRA","Matheus Matheus Cunha","FWD",5,4,293,3,0,0,0,0,NA,NA
"Brazil","BRA","Neymar Neymar Jr","FWD",2,0,37,1,0,0,0,0,NA,NA
"Brazil","BRA","Raphael Raphinha","FWD",2,2,130,0,0,0,0,0,NA,NA
"Brazil","BRA","Weverton Weverton","GK",0,0,0,0,0,0,0,0,0,0
"Brazil","BRA","Luiz Danilo","DEF",5,4,404,0,0,0,0,0,NA,NA
"Brazil","BRA","Bremer Bremer","DEF",0,0,0,0,0,0,0,0,NA,NA
"Brazil","BRA","PEREIRALeonardo Leo","DEF",0,0,0,0,0,0,0,0,NA,NA
"Brazil","BRA","Douglas Douglas Santos","DEF",5,5,442,0,0,1,0,0,NA,NA
"Brazil","BRA","Henrique Fabinho","MID",3,0,69,0,0,0,0,0,NA,NA
"Brazil","BRA","Danilo Danilo Santos","MID",4,0,43,0,0,0,0,0,NA,NA
"Brazil","BRA","Felipe Endrick","FWD",4,0,110,0,0,0,0,0,NA,NA
"Brazil","BRA","Lucas Lucas Paqueta","MID",4,4,237,0,1,0,0,0,NA,NA
"Brazil","BRA","Henrique André Luiz","FWD",1,0,29,0,0,0,0,0,NA,NA
"Brazil","BRA","MARTINELLIGabriel Gabriel","FWD",4,1,141,1,0,0,0,0,NA,NA
"Brazil","BRA","Ederson Ederson","GK",0,0,0,0,0,0,0,0,0,0
"Brazil","BRA","IBANEZRoger Roger","DEF",1,1,46,0,0,0,0,0,NA,NA
"Brazil","BRA","Thiago Igor Thiago","FWD",1,1,61,0,0,0,0,0,NA,NA
"Brazil","BRA","Vitor Rayan","FWD",4,3,289,0,1,0,0,0,NA,NA
"Morocco","MAR","Yassine Bounou","GK",6,6,570,0,0,0,0,1,17,6
"Morocco","MAR","Achraf Hakimi","DEF",6,6,570,1,1,0,0,0,NA,NA
"Morocco","MAR","Noussair Mazraoui","DEF",6,5,477,0,0,0,0,0,NA,NA
"Morocco","MAR","Sofyan Amrabat","MID",1,1,90,0,0,0,0,0,NA,NA
"Morocco","MAR","Marwane Saadane","DEF",0,0,0,0,0,0,0,0,NA,NA
"Morocco","MAR","Ayyoub Bouaddi","MID",5,5,439,0,0,0,0,0,NA,NA
"Morocco","MAR","Chemsdine Talbi","MID",5,2,246,0,1,0,0,0,NA,NA
"Morocco","MAR","Azz-Eddine Ounahi","MID",5,3,290,2,0,0,0,0,NA,NA
"Morocco","MAR","Soufiane Rahimi","FWD",5,0,91,2,0,0,0,0,NA,NA
"Morocco","MAR","Brahim Diaz","FWD",6,6,477,0,4,0,0,0,NA,NA
"Morocco","MAR","Ismael Saibari","MID",6,6,543,3,0,0,0,0,NA,NA
"Morocco","MAR","Monir El Kajoui","GK",0,0,0,0,0,0,0,0,0,0
"Morocco","MAR","Zakaria El Ouahdi","DEF",2,2,180,0,0,0,0,0,NA,NA
"Morocco","MAR","Issa Laye Lucas Jean Diop","DEF",3,3,300,1,0,0,0,0,NA,NA
"Morocco","MAR","Samir El Mourabet","MID",4,0,75,0,0,0,0,0,NA,NA
"Morocco","MAR","Gessime Ben Youssef Mustapha Yassine","MID",2,0,61,1,0,0,0,0,NA,NA
"Morocco","MAR","Mohamed Amine Sbai","FWD",0,0,0,0,0,0,0,0,NA,NA
"Morocco","MAR","Chadi Riad","DEF",6,6,525,0,0,0,0,0,NA,NA
"Morocco","MAR","Youssef Belammari","DEF",0,0,0,0,0,0,0,0,NA,NA
"Morocco","MAR","Ayoub El Kaabi","FWD",1,1,70,0,0,0,0,0,NA,NA
"Morocco","MAR","Ayoube Amaimouni","FWD",4,2,196,0,0,0,0,0,NA,NA
"Morocco","MAR","Ahmed Reda Tagnaouti","GK",0,0,0,0,0,0,0,0,0,0
"Morocco","MAR","Bilal El Khannouss","MID",6,6,520,0,0,0,0,0,NA,NA
"Morocco","MAR","Neil Yoni El Aynaoui","MID",4,4,383,0,0,0,0,0,NA,NA
"Morocco","MAR","Redouane Halhal","DEF",1,1,90,0,0,0,0,0,NA,NA
"Morocco","MAR","Anass Salah Eddine","DEF",3,1,138,0,0,0,0,0,NA,NA
"Haiti","HAI","Johny Placide","GK",3,3,270,0,0,0,0,0,14,8
"Haiti","HAI","Carlens Jean Fedlaire Ruby Arcus","DEF",3,2,146,0,0,1,0,0,NA,NA
"Haiti","HAI","Keeto Thermoncy","DEF",0,0,0,0,0,0,0,0,NA,NA
"Haiti","HAI","Ricardo Ade","DEF",3,3,270,0,0,0,0,0,NA,NA
"Haiti","HAI","Hannes Piterson Delcroix","DEF",3,3,270,0,0,0,0,0,NA,NA
"Haiti","HAI","Carl Fred Sainte","MID",0,0,0,0,0,0,0,0,NA,NA
"Haiti","HAI","Derrick Burckley Etienne","FWD",1,0,9,0,0,0,0,0,NA,NA
"Haiti","HAI","Martin Yves Roberns Didier Experience","DEF",3,3,270,0,0,0,0,0,NA,NA
"Haiti","HAI","Duckens Nazon","FWD",1,0,23,0,0,0,0,0,NA,NA
"Haiti","HAI","Jean Ricner Bellegarde","MID",3,3,261,0,0,0,0,0,NA,NA
"Haiti","HAI","Don Deedson Deedson","FWD",3,1,111,0,0,0,0,0,NA,NA
"Haiti","HAI","Alexandre Jr Pierre","GK",0,0,0,0,0,0,0,0,0,0
"Haiti","HAI","Markhus Lacroix","DEF",0,0,0,0,0,0,0,0,NA,NA
"Haiti","HAI","Garven-Michee Metusala","DEF",0,0,0,0,0,0,0,0,NA,NA
"Haiti","HAI","Ruben Fritzner Providence","FWD",3,3,223,0,0,0,0,0,NA,NA
"Haiti","HAI","Lenny Alvin Pico Joseph","FWD",3,1,117,0,0,0,0,0,NA,NA
"Haiti","HAI","Danley Jean Jacques","MID",3,3,260,0,0,1,0,0,NA,NA
"Haiti","HAI","Wilson Isidor","FWD",3,2,186,1,0,0,0,0,NA,NA
"Haiti","HAI","Yassin Enzo Fortune","FWD",1,0,5,0,0,0,0,0,NA,NA
"Haiti","HAI","Frantzdy Pierrot","FWD",3,2,143,0,0,1,0,0,NA,NA
"Haiti","HAI","Josue Jeremie Casimir","FWD",3,2,182,0,0,0,0,0,NA,NA
"Haiti","HAI","Jean-Kévin Duverne","DEF",2,2,170,0,0,0,0,0,NA,NA
"Haiti","HAI","Josue Duverger","GK",0,0,0,0,0,0,0,0,0,0
"Haiti","HAI","Wilguens Raphael Polynice Paugain","DEF",0,0,0,0,0,0,0,0,NA,NA
"Haiti","HAI","Dominique Celidor Simon","MID",2,0,54,0,0,0,0,0,NA,NA
"Haiti","HAI","Olivier Woodensky Pierre","MID",0,0,0,0,0,0,0,0,NA,NA
"Scotland","SCO","Angus Fraser James Gunn","GK",3,3,270,0,0,0,0,0,10,4
"Scotland","SCO","Aaron Buchanan Hickey","DEF",1,1,75,0,0,0,0,0,NA,NA
"Scotland","SCO","Andrew Henry Robertson","DEF",3,3,226,0,0,0,0,0,NA,NA
"Scotland","SCO","Mc","MID",3,3,270,1,0,0,0,0,NA,NA
"Scotland","SCO","Grant Campbell Hanley","DEF",2,2,180,0,0,0,0,0,NA,NA
"Scotland","SCO","Kieran Tierney","DEF",2,1,104,0,0,0,0,0,NA,NA
"Scotland","SCO","Mc","MID",3,3,261,0,0,0,0,0,NA,NA
"Scotland","SCO","Tyler Robert Fletcher","MID",0,0,0,0,0,0,0,0,NA,NA
"Scotland","SCO","Lyndon John Dykes","FWD",2,0,34,0,0,0,0,0,NA,NA
"Scotland","SCO","Che Sac Everton Fred Adams","FWD",3,2,147,0,0,0,0,0,NA,NA
"Scotland","SCO","Ryan Christie","MID",3,1,96,0,0,0,0,0,NA,NA
"Scotland","SCO","Liam Patrick Kelly","GK",0,0,0,0,0,0,0,0,0,0
"Scotland","SCO","Jack William Hendry","DEF",3,3,270,0,0,0,0,0,NA,NA
"Scotland","SCO","Ross Cameron Stewart","FWD",1,0,1,0,0,0,0,0,NA,NA
"Scotland","SCO","John Francis Souttar","DEF",0,0,0,0,0,0,0,0,NA,NA
"Scotland","SCO","Dominic John Hyam","DEF",0,0,0,0,0,0,0,0,NA,NA
"Scotland","SCO","Ben Gannon Gannon-Doak","FWD",3,2,186,0,0,0,0,0,NA,NA
"Scotland","SCO","George David Eric Hirst","FWD",0,0,0,0,0,0,0,0,NA,NA
"Scotland","SCO","Lewis Ferguson","MID",3,3,270,0,0,0,0,0,NA,NA
"Scotland","SCO","Lawrence Shankland","FWD",2,2,172,0,0,0,0,0,NA,NA
"Scotland","SCO","Craig Sinclair Gordon","GK",0,0,0,0,0,0,0,0,0,0
"Scotland","SCO","Nathan Kenneth Patterson","DEF",3,2,185,0,0,0,0,0,NA,NA
"Scotland","SCO","Mc","MID",3,1,116,0,0,0,0,0,NA,NA
"Scotland","SCO","Anthony Ralston","DEF",2,0,10,0,0,0,0,0,NA,NA
"Scotland","SCO","Findlay Kenneth Curtis","FWD",2,0,9,0,0,0,0,0,NA,NA
"Scotland","SCO","Mc","DEF",1,1,90,0,0,0,0,0,NA,NA
"USA","USA","Matthew Charles Turner","GK",4,2,240,0,0,0,0,0,7,7
"USA","USA","Sergiño Gianni Dest","DEF",5,4,343,0,1,0,0,0,NA,NA
"USA","USA","Christopher Jeffrey Richards","DEF",4,4,360,0,0,1,0,0,NA,NA
"USA","USA","Tyler Shaan Adams","MID",4,4,360,0,0,0,0,0,NA,NA
"USA","USA","Antonee Robinson","DEF",4,4,350,0,0,1,0,0,NA,NA
"USA","USA","Auston Levi-Jesaiah Trusty","DEF",2,1,100,1,0,0,0,0,NA,NA
"USA","USA","Giovanni Alejandro Reyna","MID",4,1,86,1,0,0,0,0,NA,NA
"USA","USA","Mc","MID",5,5,446,0,0,0,0,0,NA,NA
"USA","USA","Ricardo Daniel Pepi","FWD",4,2,185,0,0,0,0,0,NA,NA
"USA","USA","Christian Mate Pulisic","FWD",4,3,255,0,1,0,0,0,NA,NA
"USA","USA","Brenden Russell Aaronson","FWD",1,1,76,0,0,0,0,0,NA,NA
"USA","USA","Miles Gordon Robinson","DEF",1,1,90,0,0,0,0,0,NA,NA
"USA","USA","Timothy Michael Ream","DEF",3,3,270,0,0,0,0,0,NA,NA
"USA","USA","Sebastian Matthew Berhalter","MID",5,2,243,1,1,0,0,0,NA,NA
"USA","USA","Cristian Roldan","MID",0,0,0,0,0,0,0,0,NA,NA
"USA","USA","Alexander Michael Freeman","DEF",4,3,284,1,1,0,0,0,NA,NA
"USA","USA","Malik Leon Tillman","MID",5,4,356,2,2,0,0,0,NA,NA
"USA","USA","Maximilian Michael Arfsten","DEF",0,0,0,0,0,0,0,0,NA,NA
"USA","USA","Haji Amir Wright","FWD",1,0,1,0,0,0,0,0,NA,NA
"USA","USA","Folarin Jolaoluwa Balogun","FWD",4,4,316,3,0,1,1,0,NA,NA
"USA","USA","Timothy Tarpeh Weah","FWD",2,1,76,0,0,0,0,0,NA,NA
"USA","USA","Mc","DEF",2,2,180,0,0,0,0,0,NA,NA
"USA","USA","Joseph Michael Scally","DEF",2,1,86,0,0,0,0,0,NA,NA
"USA","USA","Matthew Andrew Geary Freese","GK",3,3,270,0,0,0,0,0,5,1
"USA","USA","Christopher Keith Brady","GK",0,0,0,0,0,0,0,0,0,0
"USA","USA","Alejandro Zendejas","FWD",1,0,14,0,0,0,0,0,NA,NA
"Paraguay","PAR","Roberto Junior Fernandez","GK",0,0,0,0,0,0,0,0,0,0
"Paraguay","PAR","Victor Gustavo Velazquez","DEF",4,1,153,0,0,0,0,0,NA,NA
"Paraguay","PAR","Omar Federico Alderete","DEF",4,4,354,0,0,0,0,0,NA,NA
"Paraguay","PAR","Juan Jose Caceres","DEF",5,5,439,0,0,0,0,0,NA,NA
"Paraguay","PAR","Fabián Cornelio Balbuena","DEF",1,0,1,0,0,0,0,0,NA,NA
"Paraguay","PAR","Júnior Osmar Ignacio Alonso","DEF",4,3,301,0,0,0,0,0,NA,NA
"Paraguay","PAR","Ramón Sosa","MID",2,1,101,0,0,0,0,0,NA,NA
"Paraguay","PAR","Diego Alexander Gomez","MID",3,3,236,0,0,1,0,0,NA,NA
"Paraguay","PAR","Arnaldo Antonio Sanabria","FWD",2,1,83,0,0,0,0,0,NA,NA
"Paraguay","PAR","Miguel Angel Almiron","MID",4,4,350,0,0,0,1,0,NA,NA
"Paraguay","PAR","Mauricio Mauricio","MID",3,0,151,1,0,0,0,0,NA,NA
"Paraguay","PAR","Orlando Daniel Gill","GK",5,5,480,0,0,0,0,0,29,6
"Paraguay","PAR","Jose Maria Canale","DEF",4,2,217,0,0,0,0,0,NA,NA
"Paraguay","PAR","Adrián Andrés Cubas","MID",4,4,390,0,0,0,0,0,NA,NA
"Paraguay","PAR","Gustavo Raul Gomez","DEF",4,4,390,0,0,0,0,0,NA,NA
"Paraguay","PAR","Damián Josue Bobadilla","MID",4,2,190,0,0,0,0,1,NA,NA
"Paraguay","PAR","Alejandro Sebastian Romero Gamarra","FWD",1,0,11,0,0,0,0,0,NA,NA
"Paraguay","PAR","Alex Adrian Arce","FWD",3,1,141,0,0,0,0,0,NA,NA
"Paraguay","PAR","Julio Cesar Enciso","FWD",4,4,327,1,2,0,0,0,NA,NA
"Paraguay","PAR","Braian Oscar Ojeda","MID",1,0,21,0,0,0,0,0,NA,NA
"Paraguay","PAR","Gabriel Avalos","FWD",3,2,123,0,0,0,0,0,NA,NA
"Paraguay","PAR","Gastón Hernán Olveira","GK",0,0,0,0,0,0,0,0,0,0
"Paraguay","PAR","Matias Galarza","MID",4,4,390,1,1,0,0,0,NA,NA
"Paraguay","PAR","Gustavo Ruben Caballero","MID",2,1,155,0,0,0,0,0,NA,NA
"Paraguay","PAR","Isidro Miguel Pitta","FWD",2,2,136,0,0,0,0,0,NA,NA
"Paraguay","PAR","Alexandro Maidana","DEF",3,2,145,0,0,0,0,0,NA,NA
"Australia","AUS","Mathew David Ryan","GK",1,0,1,0,0,0,0,0,0,0
"Australia","AUS","Milos Degenek","DEF",0,0,0,0,0,0,0,0,NA,NA
"Australia","AUS","Alessandro Circati","DEF",4,4,390,0,0,1,0,0,NA,NA
"Australia","AUS","Jacob Michael Italiano","DEF",2,2,164,0,0,1,0,0,NA,NA
"Australia","AUS","Jordan Jacob Bos","DEF",4,4,309,0,0,1,0,0,NA,NA
"Australia","AUS","Jason Kato Geria","DEF",2,0,60,0,0,0,0,0,NA,NA
"Australia","AUS","Mathew Allan Leckie","FWD",1,1,61,0,0,0,0,0,NA,NA
"Australia","AUS","Connor Isaac Metcalfe","MID",4,3,315,1,0,0,0,0,NA,NA
"Australia","AUS","Mohamed Toure","FWD",3,2,166,0,0,0,0,0,NA,NA
"Australia","AUS","Ajdin Hrustic","FWD",2,0,78,0,0,0,0,0,NA,NA
"Australia","AUS","Awer Bul Mabil","FWD",1,0,29,0,0,0,0,0,NA,NA
"Australia","AUS","Paul David Izzo","GK",0,0,0,0,0,0,0,0,0,0
"Australia","AUS","Aiden Connor Oneill","MID",4,4,361,0,0,0,0,0,NA,NA
"Australia","AUS","Cameron Peter Devlin","MID",0,0,0,0,0,0,0,0,NA,NA
"Australia","AUS","Kai Clifton Trewin","DEF",1,0,74,0,0,0,0,0,NA,NA
"Australia","AUS","Aziz Behich","DEF",3,2,217,0,0,0,0,0,NA,NA
"Australia","AUS","Nestory Irankunda","FWD",4,3,263,1,0,0,0,0,NA,NA
"Australia","AUS","Patrick Thomas Beach","GK",4,4,389,0,0,0,0,0,11,3
"Australia","AUS","Harry James Souttar","DEF",4,4,390,0,0,1,0,0,NA,NA
"Australia","AUS","Cristian Volpato","FWD",3,2,161,0,0,0,0,0,NA,NA
"Australia","AUS","Cameron Robert Burgess","DEF",2,2,136,0,0,0,0,1,NA,NA
"Australia","AUS","Jackson Alexander Irvine","MID",4,2,223,0,0,1,0,0,NA,NA
"Australia","AUS","Nishan Matthew Velupillay","FWD",2,1,75,0,0,0,0,0,NA,NA
"Australia","AUS","Paul Michael Junior Okon-Engstler","MID",4,2,196,0,1,0,0,0,NA,NA
"Australia","AUS","Lucas Herrington","DEF",2,2,210,0,0,0,0,0,NA,NA
"Australia","AUS","Tete Owen Yengi","FWD",2,0,22,0,0,0,0,0,NA,NA
"Türkiye","TUR","Fehmi Mert Gunok","GK",0,0,0,0,0,0,0,0,0,0
"Türkiye","TUR","Mehmet Zeki Celik","DEF",2,2,164,0,0,0,0,0,NA,NA
"Türkiye","TUR","Merih Demiral","DEF",2,2,180,0,0,0,0,0,NA,NA
"Türkiye","TUR","Ça ğ lar Soyuncu","DEF",1,0,6,0,0,0,0,0,NA,NA
"Türkiye","TUR","Salih Ozcan","MID",2,1,100,0,0,0,0,0,NA,NA
"Türkiye","TUR","Orkun Kokcu","MID",3,2,154,1,0,0,0,0,NA,NA
"Türkiye","TUR","Muhammed Kerem Akturkoglu","FWD",2,2,131,0,0,0,0,0,NA,NA
"Türkiye","TUR","Arda Guler","FWD",3,3,270,1,0,0,0,0,NA,NA
"Türkiye","TUR","Deniz Daniel Gul","FWD",2,0,35,0,0,0,0,0,NA,NA
"Türkiye","TUR","Hakan Calhanoglu","MID",2,2,180,0,0,0,0,0,NA,NA
"Türkiye","TUR","Kenan Yildiz","FWD",3,2,218,0,0,0,0,0,NA,NA
"Türkiye","TUR","Altay Bayindir","GK",0,0,0,0,0,0,0,0,0,0
"Türkiye","TUR","Evren Eren Elmali","DEF",2,1,110,0,1,0,0,0,NA,NA
"Türkiye","TUR","Abdülker Bardakci","DEF",3,3,266,0,0,0,0,0,NA,NA
"Türkiye","TUR","Ozan Muhammed Kabak","DEF",1,1,90,0,0,0,0,0,NA,NA
"Türkiye","TUR","Ismailİsma Yuksek","MID",2,2,140,0,0,0,0,0,NA,NA
"Türkiye","TUR","Can İrfan Kahveci","FWD",3,1,101,0,0,0,0,0,NA,NA
"Türkiye","TUR","Mert Muldur","DEF",0,0,0,0,0,0,0,0,NA,NA
"Türkiye","TUR","Yunus Akgun","FWD",2,1,88,0,0,0,0,0,NA,NA
"Türkiye","TUR","Ferdi Erenay Kadioglu","DEF",2,2,160,0,0,0,0,0,NA,NA
"Türkiye","TUR","Barı ş Alper Yilmaz","FWD",3,2,180,0,0,0,0,0,NA,NA
"Türkiye","TUR","Kaan Ayhan","MID",1,0,2,1,0,0,0,0,NA,NA
"Türkiye","TUR","Ugurcan Cakir","GK",3,3,270,0,0,0,0,0,7,5
"Türkiye","TUR","Oguz Aydin","FWD",1,1,90,0,0,0,0,0,NA,NA
"Türkiye","TUR","Samet Akaydin","DEF",0,0,0,0,0,0,0,0,NA,NA
"Türkiye","TUR","Can Yılmaz Uzun","FWD",2,0,36,0,1,0,0,0,NA,NA
"Germany","GER","Manuel Peter Neuer","GK",4,4,390,0,0,0,0,0,8,5
"Germany","GER","Antonio Ruediger","DEF",4,2,262,0,0,0,0,0,NA,NA
"Germany","GER","Waldemar Anton","DEF",2,0,48,0,0,0,0,0,NA,NA
"Germany","GER","Jonathan Glao Tah","DEF",4,4,372,0,0,0,0,0,NA,NA
"Germany","GER","Aleksandar Pavlovic","MID",4,4,275,0,0,0,0,0,NA,NA
"Germany","GER","Joshua Walter Kimmich","DEF",4,4,353,0,2,0,0,0,NA,NA
"Germany","GER","Kai Lukas Havertz","FWD",4,4,355,3,0,0,0,0,NA,NA
"Germany","GER","Leon Christoph Goretzka","MID",3,0,97,0,0,0,0,0,NA,NA
"Germany","GER","Jamie Jaleel Jeremy Leweling","MID",1,0,30,0,0,0,0,0,NA,NA
"Germany","GER","Jamal Musiala","MID",4,3,271,1,0,0,0,0,NA,NA
"Germany","GER","Nick Woltemade","FWD",1,0,32,0,0,0,0,0,NA,NA
"Germany","GER","Oliver Baumann","GK",0,0,0,0,0,0,0,0,0,0
"Germany","GER","Pascal Alexander GROß GROß Gross","MID",1,0,17,0,0,0,0,0,NA,NA
"Germany","GER","Maximilian Beier","FWD",1,0,26,0,0,0,0,0,NA,NA
"Germany","GER","Nico Cédric Schlotterbeck","DEF",2,2,136,1,0,0,0,0,NA,NA
"Germany","GER","Angelo Nicolas Stiller","MID",1,0,44,0,0,0,0,0,NA,NA
"Germany","GER","Florian Richard Wirtz","MID",4,4,363,0,3,0,0,0,NA,NA
"Germany","GER","Nathaniel Christopher Brown","DEF",3,3,282,1,1,0,0,0,NA,NA
"Germany","GER","Leroy Aziz Sane","MID",4,4,328,1,0,0,0,0,NA,NA
"Germany","GER","Nadiem Amiri","MID",2,0,40,0,1,0,0,0,NA,NA
"Germany","GER","Alexander Nuebel","GK",0,0,0,0,0,0,0,0,0,0
"Germany","GER","David Raum","DEF",2,1,108,0,0,0,0,0,NA,NA
"Germany","GER","Felix Kalu Nmecha","MID",4,4,272,1,1,0,0,0,NA,NA
"Germany","GER","Malick Thiaw","DEF",2,0,40,0,0,0,0,0,NA,NA
"Germany","GER","Forzan Assan Ouedraogo","MID",0,0,0,0,0,0,0,0,NA,NA
"Germany","GER","Deniz Undav","FWD",4,1,149,3,2,0,0,0,NA,NA
"Curaçao","CUW","Eloy Victor Room","GK",3,3,270,0,0,0,0,0,25,9
"Curaçao","CUW","Shurandy Ruggerio Sambo","DEF",1,0,1,0,0,0,0,0,NA,NA
"Curaçao","CUW","Juriën Godfried Juan Gaari","DEF",2,2,167,0,0,0,0,0,NA,NA
"Curaçao","CUW","Róshón Felix Romar Jordan Van Eijma","DEF",1,0,15,0,0,0,0,0,NA,NA
"Curaçao","CUW","Sherel Constancio Floranus","DEF",3,3,270,0,0,0,0,0,NA,NA
"Curaçao","CUW","Godfried Roemeratoe","MID",1,0,7,0,0,0,0,0,NA,NA
"Curaçao","CUW","Juninho Gracielo Bacuna","MID",3,3,255,0,0,0,0,0,NA,NA
"Curaçao","CUW","Livano Shyron Liomar Comenencia","MID",3,3,234,1,0,0,0,0,NA,NA
"Curaçao","CUW","Jürgen Leonardo Locadia","FWD",3,3,238,0,0,0,0,0,NA,NA
"Curaçao","CUW","Leandro Jones Johan Bacuna","MID",3,3,270,0,0,0,0,0,NA,NA
"Curaçao","CUW","Jeremy Cornelis Jacobus Antonisse","FWD",2,0,73,0,0,0,0,0,NA,NA
"Curaçao","CUW","Juniffer Naigelino Hansen","FWD",1,1,46,0,0,0,0,0,NA,NA
"Curaçao","CUW","Tyrese Yurvencey Noslin","FWD",1,0,13,0,0,0,0,0,NA,NA
"Curaçao","CUW","Kenji Joël Gorre","FWD",1,0,15,0,0,0,0,0,NA,NA
"Curaçao","CUW","Jainel Archenir Martha","MID",0,0,0,0,0,0,0,0,NA,NA
"Curaçao","CUW","Jearl Erwin Margaritha","FWD",2,0,40,0,0,0,0,0,NA,NA
"Curaçao","CUW","Brandley Mack-Olien Kuwas","FWD",1,0,1,0,0,0,0,0,NA,NA
"Curaçao","CUW","Armando Maria Obispo","DEF",3,3,270,0,0,0,0,0,NA,NA
"Curaçao","CUW","Gervane Zjandric Adonnis Kastaneer","FWD",3,0,28,0,0,1,0,0,NA,NA
"Curaçao","CUW","Joshua Benjamin Brenet","DEF",2,2,180,0,0,0,0,0,NA,NA
"Curaçao","CUW","Tahith Jose Girigorio Djorkaef Chong","MID",3,3,247,0,0,0,0,0,NA,NA
"Curaçao","CUW","Kevin Antonio Felida","MID",0,0,0,0,0,0,0,0,NA,NA
"Curaçao","CUW","Riechedly Guillermo Bazoer","DEF",1,1,90,0,0,0,0,0,NA,NA
"Curaçao","CUW","Deveron Lenny Fonville","DEF",3,3,242,0,0,0,0,0,NA,NA
"Curaçao","CUW","Tyrick Jeremy Bodak","GK",0,0,0,0,0,0,0,0,0,0
"Curaçao","CUW","Trevor Irving Doornbusch","GK",0,0,0,0,0,0,0,0,0,0
"Côte d'Ivoire","CIV","Yahia Fofana","GK",4,4,360,0,0,0,0,0,12,4
"Côte d'Ivoire","CIV","Ousmane Diomande","DEF",1,1,90,0,0,0,0,0,NA,NA
"Côte d'Ivoire","CIV","N'clomande Ghislain Konan","DEF",3,3,270,0,0,0,0,0,NA,NA
"Côte d'Ivoire","CIV","Jean Michael Seri","MID",1,0,13,0,0,0,0,0,NA,NA
"Côte d'Ivoire","CIV","Wilfried Stephane Singo","DEF",2,2,172,0,1,0,0,0,NA,NA
"Côte d'Ivoire","CIV","Seko Mohamed Fofana","MID",2,1,92,0,0,0,0,0,NA,NA
"Côte d'Ivoire","CIV","Odilon Dorgeless Kossounou","DEF",4,3,271,0,0,0,0,0,NA,NA
"Côte d'Ivoire","CIV","Franck Yannick Kessie","MID",4,4,347,1,0,0,0,0,NA,NA
"Côte d'Ivoire","CIV","Ange-Yoan Laurent Bonny","FWD",4,3,236,0,0,0,0,0,NA,NA
"Côte d'Ivoire","CIV","Simon Adingra","FWD",1,0,15,0,0,0,0,0,NA,NA
"Côte d'Ivoire","CIV","Yan Diomande","FWD",4,4,332,0,1,0,0,0,NA,NA
"Côte d'Ivoire","CIV","Elye Delmas Wahi","FWD",3,1,109,0,0,0,0,0,NA,NA
"Côte d'Ivoire","CIV","Christopher Tea Domoraud Operi","DEF",1,1,90,0,0,0,0,0,NA,NA
"Côte d'Ivoire","CIV","Oumar Diakite","FWD",2,0,26,0,0,0,0,0,NA,NA
"Côte d'Ivoire","CIV","Amad Diallo","FWD",4,2,185,2,0,0,0,0,NA,NA
"Côte d'Ivoire","CIV","Mohamed Kone","GK",0,0,0,0,0,0,0,0,0,0
"Côte d'Ivoire","CIV","Guela Maho-Lewis Doue","DEF",4,3,277,0,0,0,0,0,NA,NA
"Côte d'Ivoire","CIV","Ibrahim Sangare","MID",4,3,268,0,0,0,0,0,NA,NA
"Côte d'Ivoire","CIV","Nicolas Pepe","FWD",4,3,236,2,0,0,0,0,NA,NA
"Côte d'Ivoire","CIV","Emmanuel Elysee Djedje Agbadou","DEF",3,3,270,0,0,0,0,0,NA,NA
"Côte d'Ivoire","CIV","Obite Evan Ndicka","DEF",0,0,0,0,0,0,0,0,NA,NA
"Côte d'Ivoire","CIV","Evann Ludovic Vidjannagni Guessand","FWD",2,0,16,0,0,0,0,0,NA,NA
"Côte d'Ivoire","CIV","Alban-Marc Lafont","GK",0,0,0,0,0,0,0,0,0,0
"Côte d'Ivoire","CIV","Bazoumana Toure","FWD",3,1,80,0,0,0,0,0,NA,NA
"Côte d'Ivoire","CIV","Parfait Guiagon","MID",0,0,0,0,0,0,0,0,NA,NA
"Côte d'Ivoire","CIV","Christ Ravynel Inao Oulai","MID",4,2,207,0,0,0,0,0,NA,NA
"Ecuador","ECU","Hernán Ismael Galindez","GK",4,4,360,0,0,0,0,0,25,4
"Ecuador","ECU","Félix Eduardo Torres","DEF",1,0,5,0,0,0,0,0,NA,NA
"Ecuador","ECU","Piero Martin Hincapie","DEF",4,4,341,0,0,0,1,0,NA,NA
"Ecuador","ECU","Joel Leandro Ordonez","DEF",3,3,226,0,0,0,0,0,NA,NA
"Ecuador","ECU","Jordy Jose Alcivar","MID",1,1,46,0,0,0,0,0,NA,NA
"Ecuador","ECU","Willian Joel Pacho","DEF",4,4,360,0,0,0,0,0,NA,NA
"Ecuador","ECU","Pervis Josue Estupinan","DEF",2,1,90,0,0,0,0,0,NA,NA
"Ecuador","ECU","Anthony Lenin Valencia","MID",0,0,0,0,0,0,0,0,NA,NA
"Ecuador","ECU","John Yeboah","FWD",4,4,315,0,0,0,0,0,NA,NA
"Ecuador","ECU","Ray Kendry Paez","MID",1,0,11,0,0,0,0,0,NA,NA
"Ecuador","ECU","Kevin Jose Rodriguez","FWD",4,0,114,0,0,0,0,0,NA,NA
"Ecuador","ECU","Wellington Moisés Ramirez","GK",0,0,0,0,0,0,0,0,0,0
"Ecuador","ECU","Enner Remberto Valencia","FWD",4,4,290,0,0,0,0,0,NA,NA
"Ecuador","ECU","Alan Steve Minda","MID",1,1,56,0,0,0,0,0,NA,NA
"Ecuador","ECU","Pedro Jeampierre Vite","MID",4,4,360,0,1,0,0,0,NA,NA
"Ecuador","ECU","Jordy Josue Caicedo","FWD",3,0,17,0,0,0,0,0,NA,NA
"Ecuador","ECU","Ángelo Smit Preciado","DEF",4,0,105,0,0,0,0,0,NA,NA
"Ecuador","ECU","Denil Daniel Castillo","MID",0,0,0,0,0,0,0,0,NA,NA
"Ecuador","ECU","Gonzalo Jordy Plata","FWD",4,4,360,1,0,0,0,0,NA,NA
"Ecuador","ECU","Nilson David Angulo","FWD",4,2,217,1,0,0,0,0,NA,NA
"Ecuador","ECU","Alan Steven Franco","MID",4,4,255,0,0,0,0,0,NA,NA
"Ecuador","ECU","Gonzalo Roberto Valle","GK",0,0,0,0,0,0,0,0,0,0
"Ecuador","ECU","Moisés Isaac Caicedo","MID",4,4,360,0,1,0,0,0,NA,NA
"Ecuador","ECU","Jeremy Alberto Arevalo","FWD",0,0,0,0,0,0,0,0,NA,NA
"Ecuador","ECU","Jackson Gabriel Porozo","DEF",1,0,28,0,0,0,0,0,NA,NA
"Ecuador","ECU","Yaimar Abel Medina","DEF",1,0,44,0,0,0,0,0,NA,NA
"Netherlands","NED","Bart Verbruggen","GK",4,4,390,0,0,0,0,0,12,5
"Netherlands","NED","Lutsharel Emiliano Geertruida","DEF",0,0,0,0,0,0,0,0,NA,NA
"Netherlands","NED","Marten Elco De Roon","MID",1,0,10,0,0,0,0,0,NA,NA
"Netherlands","NED","Virgil Van Dijk","DEF",4,4,390,1,0,0,0,0,NA,NA
"Netherlands","NED","Nathan Benjamin Ake","DEF",3,2,170,0,0,0,0,0,NA,NA
"Netherlands","NED","Paul Jan-Paul Van Hecke","DEF",4,4,390,1,0,0,0,0,NA,NA
"Netherlands","NED","Justin Dean Kluivert","MID",2,0,25,0,0,0,0,0,NA,NA
"Netherlands","NED","Ryan Jiro Gravenberch","MID",4,4,347,0,2,0,0,0,NA,NA
"Netherlands","NED","Wout François Maria Weghorst","FWD",1,0,49,0,0,0,0,0,NA,NA
"Netherlands","NED","Memphis Depay","FWD",3,0,51,0,1,0,0,0,NA,NA
"Netherlands","NED","Cody Mathès Gakpo","FWD",4,4,372,3,1,0,0,0,NA,NA
"Netherlands","NED","Mats Henrik Berne Wieffer","DEF",0,0,0,0,0,0,0,0,NA,NA
"Netherlands","NED","Robin Gerardus Petrus Roefs","GK",0,0,0,0,0,0,0,0,0,0
"Netherlands","NED","Tijjani Martinus Jan Reijnders","MID",3,3,201,0,0,0,0,0,NA,NA
"Netherlands","NED","Micky Van De Ven","DEF",3,3,266,0,0,0,0,0,NA,NA
"Netherlands","NED","Guus Berend Til","MID",1,0,31,0,0,0,0,0,NA,NA
"Netherlands","NED","Noa Noëll Lang","FWD",2,0,7,0,0,0,0,0,NA,NA
"Netherlands","NED","Donyell Malen","FWD",3,3,188,0,0,0,0,0,NA,NA
"Netherlands","NED","Brian Ebenezer Adjei Brobbey","FWD",4,3,225,3,0,0,0,0,NA,NA
"Netherlands","NED","Teun Koopmeiners","MID",4,0,118,0,0,0,0,0,NA,NA
"Netherlands","NED","Frenkie De Jong","MID",4,4,331,0,0,0,0,0,NA,NA
"Netherlands","NED","Denzel Justus Morris Dumfries","DEF",4,4,390,0,2,0,0,0,NA,NA
"Netherlands","NED","Mark Maria Hubertus Flekken","GK",0,0,0,0,0,0,0,0,0,0
"Netherlands","NED","Crysencio Jilbert Sylverio Cir Summerville","FWD",4,2,252,2,2,0,0,0,NA,NA
"Netherlands","NED","Jorrel Evan Hato","DEF",1,0,34,0,0,0,0,0,NA,NA
"Netherlands","NED","Quinten Ryan Crispito Timber","MID",2,0,54,0,0,0,0,0,NA,NA
"Japan","JPN","Zion Suzuki","GK",4,4,360,0,0,0,0,0,11,5
"Japan","JPN","Yukinari Sugawara","DEF",4,1,145,0,0,0,0,0,NA,NA
"Japan","JPN","Shogo Taniguchi","DEF",3,2,231,0,0,0,0,0,NA,NA
"Japan","JPN","Kou Itakura","DEF",2,2,129,0,0,0,0,0,NA,NA
"Japan","JPN","Yuto Nagatomo","DEF",1,0,15,0,0,0,0,0,NA,NA
"Japan","JPN","Shuto Machino","FWD",1,0,12,0,0,0,0,0,NA,NA
"Japan","JPN","Ao Tanaka","MID",3,2,192,0,0,0,0,0,NA,NA
"Japan","JPN","Takefusa Kubo","MID",1,1,75,0,1,0,0,0,NA,NA
"Japan","JPN","Keisuke Goto","FWD",1,0,6,0,0,0,0,0,NA,NA
"Japan","JPN","Ritsu Doan","MID",4,4,281,0,0,0,0,0,NA,NA
"Japan","JPN","Daizen Maeda","MID",3,3,246,1,0,0,0,0,NA,NA
"Japan","JPN","Keisuke Osako","GK",0,0,0,0,0,0,0,0,0,0
"Japan","JPN","Keito Nakamura","MID",4,4,309,1,2,0,0,0,NA,NA
"Japan","JPN","Junya Ito","MID",4,2,216,1,0,0,0,0,NA,NA
"Japan","JPN","Daichi Kamada","MID",4,4,332,2,0,0,0,0,NA,NA
"Japan","JPN","Tsuyoshi Watanabe","DEF",2,1,90,0,0,0,0,0,NA,NA
"Japan","JPN","Yuito Suzuki","MID",1,0,12,0,0,0,0,0,NA,NA
"Japan","JPN","Ayase Ueda","FWD",4,4,324,2,1,0,0,0,NA,NA
"Japan","JPN","Koki Ogawa","FWD",3,0,40,0,1,0,0,0,NA,NA
"Japan","JPN","Ayumu Seko","DEF",2,1,87,0,0,0,0,0,NA,NA
"Japan","JPN","Hiroki Ito","DEF",4,4,360,0,0,0,0,0,NA,NA
"Japan","JPN","Takehiro Tomiyasu","DEF",3,2,183,0,0,0,0,0,NA,NA
"Japan","JPN","Tomoki Hayakawa","GK",0,0,0,0,0,0,0,0,0,0
"Japan","JPN","Kaishu Sano","MID",3,3,270,1,1,0,0,0,NA,NA
"Japan","JPN","Junnosuke Suzuki","DEF",2,0,40,0,0,0,0,0,NA,NA
"Japan","JPN","Kento Shiogai","FWD",1,0,6,0,0,0,0,0,NA,NA
"Sweden","SWE","Jacob Mikael Widell Zetterstrom","GK",2,2,180,0,0,0,0,0,13,4
"Sweden","SWE","Gustaf Johan Lagerbielke","DEF",4,4,360,0,0,0,0,0,NA,NA
"Sweden","SWE","Victor Jörgen Lindelof","DEF",4,4,357,0,0,0,0,0,NA,NA
"Sweden","SWE","Isak Malcolm Kwaku Hien","DEF",3,3,217,0,0,0,0,0,NA,NA
"Sweden","SWE","Gabriel Johan Gudmundsson","DEF",4,4,332,0,0,0,0,0,NA,NA
"Sweden","SWE","Herman Nils Johansson","DEF",0,0,0,0,0,0,0,0,NA,NA
"Sweden","SWE","Lucas Erik Holger Bergvall","MID",4,1,179,0,1,0,0,0,NA,NA
"Sweden","SWE","Daniel Jonathan Svensson","DEF",3,1,98,0,0,0,0,0,NA,NA
"Sweden","SWE","Alexander Isak","FWD",4,4,359,1,3,0,0,0,NA,NA
"Sweden","SWE","Erik Benjamin Nygren","MID",4,2,131,0,0,0,0,0,NA,NA
"Sweden","SWE","Anthony David Junior Elanga","FWD",4,2,216,2,0,0,0,0,NA,NA
"Sweden","SWE","Tobias Viktor Johansson","GK",0,0,0,0,0,0,0,0,0,0
"Sweden","SWE","Ken Sema","MID",1,0,15,0,0,0,0,0,NA,NA
"Sweden","SWE","Hjalmar Ekdal","DEF",0,0,0,0,0,0,0,0,NA,NA
"Sweden","SWE","Carl Anders Theodor Starfelt","DEF",1,0,3,0,0,0,0,0,NA,NA
"Sweden","SWE","Jesper Kewe Karlstrom","MID",2,2,139,0,0,0,0,0,NA,NA
"Sweden","SWE","Viktor Einar Gyokeres","FWD",4,4,360,1,1,0,0,0,NA,NA
"Sweden","SWE","Yasin Ayari","MID",4,4,341,2,0,0,0,0,NA,NA
"Sweden","SWE","Mattias Olof Svanberg","MID",2,0,14,1,0,0,0,0,NA,NA
"Sweden","SWE","Eric Anders Smith","DEF",0,0,0,0,0,0,0,0,NA,NA
"Sweden","SWE","Alexander Olof Bernhardsson","DEF",3,3,220,0,0,0,0,0,NA,NA
"Sweden","SWE","Besfort Zeneli","MID",2,0,59,0,0,0,0,0,NA,NA
"Sweden","SWE","Bo Kristoffer Nordfeldt","GK",2,2,180,0,0,0,0,0,8,6
"Sweden","SWE","Elliot Karl Stroud","DEF",4,2,167,0,0,0,0,0,NA,NA
"Sweden","SWE","Håkan Gustaf Nilsson","FWD",1,0,1,0,0,0,0,0,NA,NA
"Sweden","SWE","Taha Abdi Ali","FWD",2,0,35,0,0,0,0,0,NA,NA
"Tunisia","TUN","Abdelmouhib Chamakh","GK",1,1,90,0,0,0,0,0,6,5
"Tunisia","TUN","Ali Abdi","DEF",3,3,270,0,0,0,0,0,NA,NA
"Tunisia","TUN","Montassar Omar Talbi","DEF",3,3,270,0,0,0,0,0,NA,NA
"Tunisia","TUN","Omar Rekik","DEF",2,2,180,1,0,0,0,0,NA,NA
"Tunisia","TUN","Adam Arous","DEF",0,0,0,0,0,0,0,0,NA,NA
"Tunisia","TUN","Dylan Daniel Mahmoud Bronn","DEF",1,1,46,0,0,0,0,0,NA,NA
"Tunisia","TUN","Mohamed Elyes Achouri","FWD",3,0,42,0,0,0,0,0,NA,NA
"Tunisia","TUN","Elias Saad","FWD",2,2,118,0,0,0,0,0,NA,NA
"Tunisia","TUN","Hazem Mastouri","FWD",1,1,90,1,0,0,0,0,NA,NA
"Tunisia","TUN","Hannibal Mejbri","MID",3,3,270,0,1,0,0,0,NA,NA
"Tunisia","TUN","Ismael Seifallah Gharbi","MID",3,1,125,0,0,0,0,0,NA,NA
"Tunisia","TUN","Ahmed Mortadha Ben Ouanes","DEF",1,0,23,0,0,0,0,0,NA,NA
"Tunisia","TUN","Rani Khedira","MID",3,2,152,0,0,0,0,0,NA,NA
"Tunisia","TUN","Khalil Ayari","MID",0,0,0,0,0,0,0,0,NA,NA
"Tunisia","TUN","Mohamed Hadj Mahmoud","MID",2,0,41,0,0,0,0,0,NA,NA
"Tunisia","TUN","Aymen Dahmen","GK",2,2,180,0,0,0,0,0,7,7
"Tunisia","TUN","Ellyes Joris Skhiri","MID",3,3,252,0,0,0,0,1,NA,NA
"Tunisia","TUN","Rayan Elloumi","FWD",0,0,0,0,0,0,0,0,NA,NA
"Tunisia","TUN","Firas Chaouat","FWD",3,0,47,0,0,0,0,0,NA,NA
"Tunisia","TUN","Yan Valery","DEF",3,3,252,0,0,0,0,0,NA,NA
"Tunisia","TUN","Mohamed Amine Ben Hmida","DEF",3,2,201,0,0,0,0,0,NA,NA
"Tunisia","TUN","Sabri Ben Hessen","GK",0,0,0,0,0,0,0,0,0,0
"Tunisia","TUN","Moutaz Neffati","DEF",0,0,0,0,0,0,0,0,NA,NA
"Tunisia","TUN","Raed Chikhaoui","DEF",0,0,0,0,0,0,0,0,NA,NA
"Tunisia","TUN","Anis Slimane","MID",3,3,241,0,0,0,0,0,NA,NA
"Tunisia","TUN","Sebastian Tounekti","MID",3,1,83,0,0,0,0,0,NA,NA
"Belgium","BEL","Thibaut Nicolas Courtois","GK",6,6,570,0,1,0,0,0,15,7
"Belgium","BEL","Zeno Koen Debast","DEF",2,2,180,0,0,0,0,0,NA,NA
"Belgium","BEL","Arthur Nicolas Theate","DEF",5,4,407,0,0,0,0,0,NA,NA
"Belgium","BEL","Brandon Erik Mechele","DEF",4,4,390,0,0,0,0,0,NA,NA
"Belgium","BEL","Maxim Peter De Cuyper","DEF",4,3,292,0,0,0,0,0,NA,NA
"Belgium","BEL","Axel Laurent Witsel","MID",2,2,180,0,0,0,0,0,NA,NA
"Belgium","BEL","Kevin De Bruyne","MID",4,4,301,1,0,0,0,0,NA,NA
"Belgium","BEL","Youri Marion Tielemans","MID",4,4,385,2,0,0,0,0,NA,NA
"Belgium","BEL","Romelu Lukaku","FWD",5,1,206,3,0,1,0,0,NA,NA
"Belgium","BEL","Leandro Trossard","FWD",5,4,391,2,2,0,0,0,NA,NA
"Belgium","BEL","Jeremy Baffour Doku","FWD",5,5,378,0,0,0,0,0,NA,NA
"Belgium","BEL","Senne Lammens","GK",0,0,0,0,0,0,0,0,0,0
"Belgium","BEL","Mike Louis Penders","GK",0,0,0,0,0,0,0,0,0,0
"Belgium","BEL","Dodi Lukebakio","FWD",2,0,96,0,0,0,0,0,NA,NA
"Belgium","BEL","Thomas Andre Meunier","DEF",5,4,370,0,1,0,0,0,NA,NA
"Belgium","BEL","Koni De Winter","DEF",0,0,0,0,0,0,0,0,NA,NA
"Belgium","BEL","Charles Marc De Ketelaere","FWD",5,3,257,3,0,0,0,0,NA,NA
"Belgium","BEL","Joaquin Ronny Seys","DEF",0,0,0,0,0,0,0,0,NA,NA
"Belgium","BEL","Diego Manuel Moreira","MID",1,0,57,0,0,0,0,0,NA,NA
"Belgium","BEL","Hans Vanaken","MID",5,2,219,1,0,0,0,0,NA,NA
"Belgium","BEL","Timothy Castagne","DEF",4,3,298,0,0,0,0,0,NA,NA
"Belgium","BEL","Alexis Jesse Saelemaekers","MID",4,3,256,1,0,0,0,0,NA,NA
"Belgium","BEL","Nicolas Thierry Raskin","MID",6,3,341,0,1,0,0,0,NA,NA
"Belgium","BEL","Amadou Ba Onana","MID",5,3,265,0,0,0,0,0,NA,NA
"Belgium","BEL","Nathan Ngoy","DEF",4,4,360,0,0,0,1,0,NA,NA
"Belgium","BEL","Matias Fernandez-Pardo","FWD",5,2,221,0,0,0,0,0,NA,NA
"Egypt","EGY","Elsayed Mohamed Mohamed Elshenawy","GK",1,1,90,0,0,0,0,0,4,3
"Egypt","EGY","Ahmed Ibrahim Yasser","DEF",5,3,406,1,0,0,0,0,NA,NA
"Egypt","EGY","Hany Gamal Mohamed Hany","DEF",5,5,480,0,1,0,0,2,NA,NA
"Egypt","EGY","Abdelmegeed Abdelsalam Hossam Abdelmaguid","DEF",2,0,59,0,0,0,0,0,NA,NA
"Egypt","EGY","Abdelaziz Moustafa Ramy Rabia","DEF",5,3,368,0,0,0,0,0,NA,NA
"Egypt","EGY","Abdelmoneim Elsayed Mohamed","DEF",3,2,105,0,0,0,0,0,NA,NA
"Egypt","EGY","Ahmed Ibrahim Trezeguet","FWD",3,1,144,1,0,0,0,0,NA,NA
"Egypt","EGY","Ashour Metwaly Emam","MID",4,4,321,2,0,0,0,0,NA,NA
"Egypt","EGY","Mohamed Abdelkarim Hamza","FWD",5,1,146,0,0,0,0,0,NA,NA
"Egypt","EGY","Hamed Mahrous Mohamed Salah","FWD",5,5,427,1,3,0,0,0,NA,NA
"Egypt","EGY","Mohamed Zaky Mostafa Zico","MID",5,5,385,2,1,0,0,0,NA,NA
"Egypt","EGY","Yousry Fouad Haissem Hassan","FWD",2,0,83,0,1,0,0,0,NA,NA
"Egypt","EGY","Mohamed Aboelfetouh Ahmed Fatouh","DEF",4,4,358,0,0,0,0,0,NA,NA
"Egypt","EGY","Fathy Abdelhalim Hamdy Fathy","MID",4,4,286,0,0,0,0,0,NA,NA
"Egypt","EGY","Hafez Ramadan Karim Hafez","DEF",2,1,82,0,0,0,0,0,NA,NA
"Egypt","EGY","Mohamed Soliman Mahdy Soliman","GK",0,0,0,0,0,0,0,0,0,0
"Egypt","EGY","Mostafa Ahmed Mohanad Lashin","MID",3,3,270,0,0,0,0,0,NA,NA
"Egypt","EGY","Aly Elmahdy Nabil","MID",1,1,90,0,0,0,0,0,NA,NA
"Egypt","EGY","Attia Fahim Marawan Attia","MID",4,3,343,0,0,0,0,0,NA,NA
"Egypt","EGY","Adel Aly Mohamed Ibrahim","FWD",1,0,2,0,0,0,0,0,NA,NA
"Egypt","EGY","Saber Abdelmohsen Mahmoud","MID",3,2,137,1,0,0,0,0,NA,NA
"Egypt","EGY","Mohamed Abdelsalam Omar","FWD",4,3,316,0,0,0,0,0,NA,NA
"Egypt","EGY","Abdelaziz Mohame Mostafa","GK",4,4,390,0,0,0,0,0,9,4
"Egypt","EGY","Abdelghaffar Abdel Tarek Alaa","DEF",0,0,0,0,0,0,0,0,NA,NA
"Egypt","EGY","Mostafa Mohamed Zizo","FWD",3,0,53,0,0,0,0,0,NA,NA
"Egypt","EGY","Alaaeldin Soliman Mohamed Alaa","GK",0,0,0,0,0,0,0,0,0,0
"IR Iran","IRN","Ali Reza Beiranvand","GK",3,3,270,0,0,0,0,0,16,3
"IR Iran","IRN","Saleh Hardani","DEF",2,1,90,0,0,0,0,0,NA,NA
"IR Iran","IRN","Ehsan Hajisafi","DEF",2,1,91,0,0,0,0,0,NA,NA
"IR Iran","IRN","Shojae Khalilzadeh","DEF",3,3,270,0,0,0,0,0,NA,NA
"IR Iran","IRN","Milad Mohammadi","DEF",3,2,204,0,0,0,0,0,NA,NA
"IR Iran","IRN","Saeid Ezatolahi","MID",3,3,265,0,0,0,0,0,NA,NA
"IR Iran","IRN","Alireza Jahanbakhsh","MID",2,0,45,0,0,0,0,0,NA,NA
"IR Iran","IRN","Mohammad Mohebbi","MID",3,3,246,1,0,0,0,0,NA,NA
"IR Iran","IRN","Mehdi Taremi","FWD",3,3,260,0,0,0,0,0,NA,NA
"IR Iran","IRN","Mehdi Ghayedi","FWD",1,0,45,0,0,0,0,0,NA,NA
"IR Iran","IRN","Ali Alipour","FWD",1,0,37,0,0,0,0,0,NA,NA
"IR Iran","IRN","Seyedpayam Niazmand","GK",0,0,0,0,0,0,0,0,0,0
"IR Iran","IRN","Mohammadhossein Kanani","DEF",2,2,136,0,0,0,0,0,NA,NA
"IR Iran","IRN","Seyed Saman Ghoddos","MID",3,3,211,0,0,0,0,0,NA,NA
"IR Iran","IRN","Roozbeh Cheshmi","MID",0,0,0,0,0,0,0,0,NA,NA
"IR Iran","IRN","Mahdi Torabi","MID",1,0,24,0,0,0,0,0,NA,NA
"IR Iran","IRN","Arya Yousefi","DEF",1,1,45,0,0,0,0,0,NA,NA
"IR Iran","IRN","Amirhossein Hosseinzadeh","FWD",2,0,15,0,0,0,0,0,NA,NA
"IR Iran","IRN","Ali Nemati","DEF",3,3,270,0,0,0,0,0,NA,NA
"IR Iran","IRN","Shahriyar Moghanloo","FWD",3,1,87,0,0,0,0,0,NA,NA
"IR Iran","IRN","Mohammad Ghorbani","MID",1,1,90,0,0,0,0,0,NA,NA
"IR Iran","IRN","Seyedhossein Hosseini","GK",0,0,0,0,0,0,0,0,0,0
"IR Iran","IRN","Ramin Rezaeian","DEF",3,3,270,2,1,0,0,0,NA,NA
"IR Iran","IRN","Dennis Dargahi","FWD",0,0,0,0,0,0,0,0,NA,NA
"IR Iran","IRN","Danial Iri","DEF",0,0,0,0,0,0,0,0,NA,NA
"IR Iran","IRN","Amirmohammad Razaghinia","MID",0,0,0,0,0,0,0,0,NA,NA
"New Zealand","NZL","Maxime Teremoana Crocombe","GK",3,3,270,0,0,0,0,0,18,10
"New Zealand","NZL","Timothy John Payne","DEF",3,3,227,0,1,0,0,0,NA,NA
"New Zealand","NZL","Francis De Vries","DEF",2,0,16,0,0,0,0,0,NA,NA
"New Zealand","NZL","Tyler Grant Bindon","DEF",3,1,96,0,0,0,0,0,NA,NA
"New Zealand","NZL","Michael Joseph Boxall","DEF",3,2,206,0,0,0,0,0,NA,NA
"New Zealand","NZL","Joe Zen Robert Bell","MID",3,3,244,0,0,0,0,0,NA,NA
"New Zealand","NZL","Logan Tipene Rogerson","FWD",0,0,0,0,0,0,0,0,NA,NA
"New Zealand","NZL","Marko Seufatu Nikola Stamenic","MID",3,3,270,0,0,0,0,0,NA,NA
"New Zealand","NZL","Christopher Grant Wood","FWD",3,3,270,0,2,0,0,0,NA,NA
"New Zealand","NZL","Sarpreet Singh","MID",3,3,212,0,0,0,0,0,NA,NA
"New Zealand","NZL","Elijah Henry Just","MID",3,3,265,3,0,0,0,0,NA,NA
"New Zealand","NZL","Alexander Noah Paulsen","GK",0,0,0,0,0,0,0,0,0,0
"New Zealand","NZL","Liberato Gianpaolo Cacace","DEF",3,3,223,0,0,0,0,0,NA,NA
"New Zealand","NZL","Alex Arthur Rufer","MID",0,0,0,0,0,0,0,0,NA,NA
"New Zealand","NZL","Nando Zen Pijnaker","DEF",0,0,0,0,0,0,0,0,NA,NA
"New Zealand","NZL","Finn Surman","DEF",3,3,270,1,0,0,0,0,NA,NA
"New Zealand","NZL","Kosta Barbarouses","FWD",0,0,0,0,0,0,0,0,NA,NA
"New Zealand","NZL","Benjamin Peter Waine","FWD",0,0,0,0,0,0,0,0,NA,NA
"New Zealand","NZL","Benjamin Craig Old","MID",3,0,90,0,0,0,0,0,NA,NA
"New Zealand","NZL","Mc","MID",3,2,160,0,0,0,0,0,NA,NA
"New Zealand","NZL","Jesse Carmichael Randall","FWD",3,0,59,0,0,0,0,0,NA,NA
"New Zealand","NZL","Michael Cornelis Woud","GK",0,0,0,0,0,0,0,0,0,0
"New Zealand","NZL","Ryan Jared Thomas","MID",3,1,82,0,0,0,0,0,NA,NA
"New Zealand","NZL","Callan Rennie Elliot","DEF",1,0,12,0,0,0,0,0,NA,NA
"New Zealand","NZL","Lachlan Ryan Bayliss","MID",0,0,0,0,0,0,0,0,NA,NA
"New Zealand","NZL","Thomas Jefferson Smith","DEF",0,0,0,0,0,0,0,0,NA,NA
"Spain","ESP","David Raya","GK",4,3,300,0,0,0,0,0,8,1
"Spain","ESP","Marc Pubill","DEF",1,0,1,0,0,0,0,0,NA,NA
"Spain","ESP","Alejandro Grimaldo","DEF",3,3,270,0,0,0,0,0,NA,NA
"Spain","ESP","Eric Garcia","DEF",4,3,291,0,0,0,0,0,NA,NA
"Spain","ESP","Marcos Llorente","DEF",2,2,180,0,1,0,0,0,NA,NA
"Spain","ESP","Mikel Merino","MID",8,4,442,1,0,0,0,0,NA,NA
"Spain","ESP","Ferran Torres","FWD",6,1,246,1,1,0,0,0,NA,NA
"Spain","ESP","Fabian Ruiz","MID",5,2,184,0,0,0,0,0,NA,NA
"Spain","ESP","Pablo Gavi","MID",2,1,76,0,0,0,0,0,NA,NA
"Spain","ESP","Daniel Olmo","FWD",8,6,516,1,2,0,0,0,NA,NA
"Spain","ESP","Yeremy Jesús Pino","FWD",2,0,68,0,0,0,0,0,NA,NA
"Spain","ESP","Pedro Antonio Porro","DEF",6,6,570,2,0,0,0,0,NA,NA
"Spain","ESP","Joan Garcia","GK",0,0,0,0,0,0,0,0,0,0
"Spain","ESP","Aymeric Laporte","DEF",5,5,459,0,1,0,0,0,NA,NA
"Spain","ESP","Alejandro Baena","MID",7,7,543,1,1,0,0,0,NA,NA
"Spain","ESP","Rodrigo Rodri","MID",5,5,477,0,0,0,0,0,NA,NA
"Spain","ESP","Nicholas Williams","FWD",4,0,91,0,1,0,0,0,NA,NA
"Spain","ESP","Martin Zubimendi","MID",3,3,270,0,0,0,0,0,NA,NA
"Spain","ESP","Lamine Yamal Yamal","FWD",8,7,616,2,0,0,0,0,NA,NA
"Spain","ESP","Pedro Pedri","MID",8,7,638,0,0,0,0,0,NA,NA
"Spain","ESP","Mikel Oyarzabal","FWD",6,5,394,5,1,0,0,0,NA,NA
"Spain","ESP","Pau Cubarsi","DEF",5,5,480,0,0,0,0,0,NA,NA
"Spain","ESP","Unai Simon","GK",5,5,480,0,0,0,0,0,13,0
"Spain","ESP","Marc Cucurella","DEF",8,8,750,0,2,0,0,0,NA,NA
"Spain","ESP","Victor Munoz","FWD",0,0,0,0,0,0,0,0,NA,NA
"Spain","ESP","Borja Iglesias","FWD",0,0,0,0,0,0,0,0,NA,NA
"Cabo Verde","CPV","José Vozinha","GK",4,4,390,0,0,0,0,0,23,5
"Cabo Verde","CPV","Ianique Stopira","DEF",0,0,0,0,0,0,0,0,NA,NA
"Cabo Verde","CPV","Alberto Diney","DEF",4,4,390,0,0,0,0,1,NA,NA
"Cabo Verde","CPV","Carlos Pico Lopes","DEF",4,4,390,0,0,0,0,0,NA,NA
"Cabo Verde","CPV","Evans Logan Costa","DEF",0,0,0,0,0,0,0,0,NA,NA
"Cabo Verde","CPV","Lenini Kevin Pina","MID",4,4,350,1,0,0,0,0,NA,NA
"Cabo Verde","CPV","Eduardo Jovane","MID",2,2,141,0,0,0,0,0,NA,NA
"Cabo Verde","CPV","Paulo Joao Paulo","MID",2,1,104,0,0,0,0,0,NA,NA
"Cabo Verde","CPV","BENCHIMOLGilson Gilson","FWD",2,1,78,0,0,0,0,0,NA,NA
"Cabo Verde","CPV","Gregory Jamiro Monteiro","MID",4,3,283,0,0,0,0,0,NA,NA
"Cabo Verde","CPV","RODRIGUESGarry Garry","MID",2,1,77,0,0,0,0,0,NA,NA
"Cabo Verde","CPV","Salomão Marcio","GK",0,0,0,0,0,0,0,0,0,0
"Cabo Verde","CPV","CABRALSidny Sidny Lopes","DEF",3,3,286,1,0,0,0,0,NA,NA
"Cabo Verde","CPV","Deroy Deroy Duarte","MID",4,2,263,1,0,0,0,0,NA,NA
"Cabo Verde","CPV","Michael Laros Duarte","MID",4,2,167,0,0,0,0,0,NA,NA
"Cabo Verde","CPV","SEMEDOJair Yannick","MID",2,0,30,0,0,0,0,0,NA,NA
"Cabo Verde","CPV","Johnson Willy","MID",3,1,130,0,0,0,0,0,NA,NA
"Cabo Verde","CPV","Emanuel Telmo","MID",2,1,57,0,0,0,0,0,NA,NA
"Cabo Verde","CPV","Dailon Dailon Livramento","FWD",3,2,175,0,0,0,0,0,NA,NA
"Cabo Verde","CPV","Isaac Ryan","FWD",4,4,331,0,0,0,0,0,NA,NA
"Cabo Verde","CPV","Miguel Nuno Da Costa","MID",4,1,157,0,0,0,0,0,NA,NA
"Cabo Verde","CPV","MOREIRASteven Steven","DEF",4,3,301,0,0,0,0,0,NA,NA
"Cabo Verde","CPV","Joaquim Cj Dos Santos","GK",0,0,0,0,0,0,0,0,0,0
"Cabo Verde","CPV","Fabricio Wagner Pina","DEF",1,1,90,0,0,1,0,0,NA,NA
"Cabo Verde","CPV","PIRESKelvin Kelvin","DEF",0,0,0,0,0,0,0,0,NA,NA
"Cabo Verde","CPV","Sandro Helio Varela","MID",3,0,101,1,0,0,0,0,NA,NA
"Saudi Arabia","KSA","Dhahi Nawaf Alaqidi","GK",0,0,0,0,0,0,0,0,0,0
"Saudi Arabia","KSA","Hassan Ali Majrashi","DEF",0,0,0,0,0,0,0,0,NA,NA
"Saudi Arabia","KSA","Mohammed Ali Lajami","DEF",3,1,148,0,0,0,0,0,NA,NA
"Saudi Arabia","KSA","Ali Abdulelah Alamri","DEF",3,3,240,1,0,0,0,0,NA,NA
"Saudi Arabia","KSA","Mohammed Hassan Altambakti","DEF",3,3,213,0,0,0,0,1,NA,NA
"Saudi Arabia","KSA","Essa Nasser Aldawsari","MID",3,2,207,0,0,1,0,0,NA,NA
"Saudi Arabia","KSA","Fahad Musab Aljuwayr","MID",3,2,153,0,0,0,0,0,NA,NA
"Saudi Arabia","KSA","Yahya Aiman Yahya","FWD",0,0,0,0,0,0,0,0,NA,NA
"Saudi Arabia","KSA","Tariq Feras","FWD",3,3,240,0,0,1,0,0,NA,NA
"Saudi Arabia","KSA","Mohammed Salem Aldawsari","FWD",3,3,245,0,0,0,0,0,NA,NA
"Saudi Arabia","KSA","Khalid Saleh","FWD",0,0,0,0,0,0,0,0,NA,NA
"Saudi Arabia","KSA","Abdullah Saud Abdulhamid","DEF",3,3,270,0,0,1,0,0,NA,NA
"Saudi Arabia","KSA","Meshari Nawaf Bu Washl","DEF",2,1,91,0,0,0,0,0,NA,NA
"Saudi Arabia","KSA","Kadish Hassan","DEF",0,0,0,0,0,0,0,0,NA,NA
"Saudi Arabia","KSA","Mohammed Abdullah Alkhaibari","MID",3,3,182,0,0,0,0,0,NA,NA
"Saudi Arabia","KSA","Mubarak Ziyad Aljohani","MID",0,0,0,0,0,0,0,0,NA,NA
"Saudi Arabia","KSA","Essa Khalid Alghannam","FWD",1,0,1,0,0,0,0,0,NA,NA
"Saudi Arabia","KSA","Mohsen Ala Alhajji","MID",2,0,31,0,0,0,0,0,NA,NA
"Saudi Arabia","KSA","Abdulrahman Abdullah Alhamddan","FWD",3,0,70,0,0,0,0,0,NA,NA
"Saudi Arabia","KSA","Ahmed Sultan Mandash","FWD",1,1,65,0,0,0,0,0,NA,NA
"Saudi Arabia","KSA","Khalil Mohammed Alowais","GK",3,3,270,0,0,0,0,0,18,5
"Saudi Arabia","KSA","Ali Ahmed","GK",0,0,0,0,0,0,0,0,0,0
"Saudi Arabia","KSA","Ibrahim Mohamed","MID",3,2,224,0,0,0,0,0,NA,NA
"Saudi Arabia","KSA","Saad Moteb Alharbi","DEF",3,2,188,0,0,0,0,0,NA,NA
"Saudi Arabia","KSA","Abdullatif Jehad Thikri","DEF",0,0,0,0,0,0,0,0,NA,NA
"Saudi Arabia","KSA","Waheeb Mohammed Abu Alshamat","DEF",3,1,136,0,0,0,0,0,NA,NA
"Uruguay","URU","Sergio Ramón Rochet","GK",1,0,44,0,0,0,0,0,0,0
"Uruguay","URU","José María Gimenez","DEF",0,0,0,0,0,0,0,0,NA,NA
"Uruguay","URU","Sebastián Enzo Caceres","DEF",3,3,270,0,0,0,0,0,NA,NA
"Uruguay","URU","Ronald Federico Araujo","DEF",0,0,0,0,0,0,0,0,NA,NA
"Uruguay","URU","Manuel Ugarte","MID",3,3,187,0,0,0,0,0,NA,NA
"Uruguay","URU","Rodrigo Bentancur","MID",3,3,270,0,0,0,0,0,NA,NA
"Uruguay","URU","Diego Nicolás De La Cruz","MID",3,0,83,0,0,0,0,0,NA,NA
"Uruguay","URU","Federico Santiago Valverde","MID",3,3,236,0,1,0,0,0,NA,NA
"Uruguay","URU","Darwin Gabriel Nunez","FWD",3,2,156,0,0,0,0,0,NA,NA
"Uruguay","URU","Giorgian Daniel De Arrascaeta","MID",0,0,0,0,0,0,0,0,NA,NA
"Uruguay","URU","Facundo Pellistri","FWD",0,0,0,0,0,0,0,0,NA,NA
"Uruguay","URU","Santiago Andres Mele","GK",0,0,0,0,0,0,0,0,0,0
"Uruguay","URU","Guillermo Varela","DEF",3,3,270,0,0,0,0,0,NA,NA
"Uruguay","URU","Agustin Canobbio","MID",3,2,224,1,0,0,0,0,NA,NA
"Uruguay","URU","Emiliano Martinez","MID",0,0,0,0,0,0,0,0,NA,NA
"Uruguay","URU","Mathías Olivera","DEF",3,3,270,0,0,0,0,0,NA,NA
"Uruguay","URU","Matías Nicolas Vina","DEF",1,1,46,0,0,0,0,0,NA,NA
"Uruguay","URU","Paul Brian Rodriguez","FWD",3,0,38,0,0,0,0,0,NA,NA
"Uruguay","URU","Rodrigo Sebastian Aguirre","FWD",1,0,1,0,0,0,0,0,NA,NA
"Uruguay","URU","Maximiliano Javier Araujo","MID",3,3,252,2,1,0,0,0,NA,NA
"Uruguay","URU","Federico Sebastian Vinas","FWD",3,2,194,0,0,0,0,0,NA,NA
"Uruguay","URU","Joaquin Piquerez","MID",0,0,0,0,0,0,0,0,NA,NA
"Uruguay","URU","Nestor Fernando Muslera","GK",3,3,226,0,0,0,0,0,9,4
"Uruguay","URU","Santiago Ignacio Bueno","DEF",0,0,0,0,0,0,0,0,NA,NA
"Uruguay","URU","Juan Manuel Sanabria","MID",3,2,204,0,0,0,0,0,NA,NA
"Uruguay","URU","Radrigo Zalazar","MID",0,0,0,0,0,0,0,0,NA,NA
"France","FRA","Brice Lauriche Samba","GK",2,2,180,0,0,0,0,0,6,2
"France","FRA","Malo Arthur Gusto","DEF",4,1,116,0,0,0,0,0,NA,NA
"France","FRA","Lucas Digne","DEF",3,2,213,0,0,0,0,0,NA,NA
"France","FRA","Dayotchanculle Oswald Upamecano","DEF",8,7,661,0,1,0,0,0,NA,NA
"France","FRA","Jules Olivier Kounde","DEF",8,7,605,0,0,0,0,0,NA,NA
"France","FRA","Emmanuel Boris Kone","MID",5,5,450,0,0,0,0,0,NA,NA
"France","FRA","Masour Ousmane Dembele","FWD",6,4,363,5,2,0,0,0,NA,NA
"France","FRA","Aurélien Djani Tchouameni","MID",6,6,540,0,1,1,0,0,NA,NA
"France","FRA","Marcus Lilian Thuram","FWD",1,0,1,0,0,0,0,0,NA,NA
"France","FRA","Kylian Mbappe","FWD",8,8,711,10,4,0,0,0,NA,NA
"France","FRA","Michael Akpovie Olise","FWD",8,8,668,0,8,0,0,0,NA,NA
"France","FRA","Bradley Jean-Manuel Essolisa Barcola","FWD",6,2,283,4,1,0,0,0,NA,NA
"France","FRA","N'golo Kante","MID",0,0,0,0,0,0,0,0,NA,NA
"France","FRA","Adrien Thibault Marie Rabiot","MID",4,4,360,0,1,0,0,0,NA,NA
"France","FRA","Ibrahima Konate","DEF",2,1,59,0,0,0,0,0,NA,NA
"France","FRA","Mike Peterson Maignan","GK",6,6,540,0,0,0,0,0,15,8
"France","FRA","William Alain André Gabriel Saliba","DEF",6,6,540,0,0,0,0,0,NA,NA
"France","FRA","Warren Marie Jean-Pierre Zaire-Emery","MID",4,4,360,0,0,0,0,0,NA,NA
"France","FRA","Théo Bernard François Hernandez","DEF",4,3,237,0,0,0,0,0,NA,NA
"France","FRA","Désiré Nonka-Maho Doue","FWD",5,3,259,1,0,0,0,0,NA,NA
"France","FRA","Lucas Francois Bernard Hernandez","DEF",0,0,0,0,0,0,0,0,NA,NA
"France","FRA","Jean-Philippe Mateta","FWD",2,0,9,0,0,0,0,0,NA,NA
"France","FRA","Robin François Philippe Risser","GK",0,0,0,0,0,0,0,0,0,0
"France","FRA","Mathis Rayan Cherki","MID",8,4,370,0,0,0,0,0,NA,NA
"France","FRA","Maghnes Akliouche","MID",1,0,7,0,0,0,0,0,NA,NA
"France","FRA","Maxence Guy Lacroix","DEF",5,5,450,0,0,0,0,0,NA,NA
"Senegal","SEN","Yehvann Djibril Victor Diouf","GK",0,0,0,0,0,0,0,0,0,0
"Senegal","SEN","Mamadou Sarr","DEF",0,0,0,0,0,0,0,0,NA,NA
"Senegal","SEN","Kalidou Koulibaly","DEF",2,2,162,0,0,0,0,0,NA,NA
"Senegal","SEN","Abdoulaye Seck","DEF",1,1,58,0,1,1,0,0,NA,NA
"Senegal","SEN","Idrissa Gana Gueye","MID",4,4,363,0,0,0,0,0,NA,NA
"Senegal","SEN","Ismaila Pathe Ciss","MID",4,1,181,0,0,0,0,0,NA,NA
"Senegal","SEN","Assane Diao","FWD",1,0,9,0,0,0,0,0,NA,NA
"Senegal","SEN","Lamine Camara","MID",4,3,248,0,1,0,0,0,NA,NA
"Senegal","SEN","Ahmadou Bamba Mbacke Dieng","FWD",1,0,7,0,0,0,0,0,NA,NA
"Senegal","SEN","Sadio Mane","FWD",4,4,363,0,1,0,0,0,NA,NA
"Senegal","SEN","Nicolas Jackson","FWD",4,2,234,0,1,0,0,0,NA,NA
"Senegal","SEN","Pape Cherif Ndiaye","FWD",0,0,0,0,0,0,0,0,NA,NA
"Senegal","SEN","Iliman Cheikh Baroy Ndiaye","FWD",3,1,114,1,2,0,0,0,NA,NA
"Senegal","SEN","Ismail Joshua Jakobs","DEF",3,2,219,0,0,0,0,0,NA,NA
"Senegal","SEN","Krepin Diatta","DEF",4,4,390,0,0,0,0,0,NA,NA
"Senegal","SEN","Edouard Osoque Mendy","GK",2,2,153,0,0,0,0,0,7,6
"Senegal","SEN","Pape Matar Sarr","MID",2,0,65,0,0,0,0,0,NA,NA
"Senegal","SEN","Ismaila Sarr","FWD",4,4,366,4,1,0,0,0,NA,NA
"Senegal","SEN","Moussa Niakhate","DEF",4,4,390,0,1,0,0,0,NA,NA
"Senegal","SEN","Ibrahim Mbaye","FWD",4,1,154,1,0,0,0,0,NA,NA
"Senegal","SEN","Habib Mbacke Diarra","MID",3,2,144,2,0,0,0,0,NA,NA
"Senegal","SEN","Bara Sapoko Ndiaye","MID",1,0,25,0,0,0,0,0,NA,NA
"Senegal","SEN","Mory Diaw","GK",3,2,237,0,0,0,0,0,3,3
"Senegal","SEN","Antoine Alpha Mendy","DEF",0,0,0,0,0,0,0,0,NA,NA
"Senegal","SEN","El Hadji Malick Diouf","DEF",3,2,171,0,0,0,0,0,NA,NA
"Senegal","SEN","Pape Alassane Gueye","MID",4,3,237,2,1,1,0,0,NA,NA
"Iraq","IRQ","Talib Raheem Fahad Talib","GK",0,0,0,0,0,0,0,0,0,0
"Iraq","IRQ","Ghareeb Solaka Rebin Sulaka","DEF",2,1,120,0,0,0,1,0,NA,NA
"Iraq","IRQ","Haydar Hussein Hussein","DEF",2,2,163,0,0,0,0,1,NA,NA
"Iraq","IRQ","Tahseen Abd Zaid Zaid","DEF",2,2,150,0,0,0,0,0,NA,NA
"Iraq","IRQ","Hashim Rahman Akam Hashim","DEF",3,3,270,0,0,0,0,0,NA,NA
"Iraq","IRQ","Younus Hashim Munaf Younus","DEF",1,0,74,0,0,0,0,0,NA,NA
"Iraq","IRQ","Wali Faeq Youssef Amyn","MID",1,0,30,0,0,0,0,0,NA,NA
"Iraq","IRQ","Bayesh Kamil Ibrahim Bayesh","MID",3,3,236,0,0,0,0,0,NA,NA
"Iraq","IRQ","Ibrahim Karim Ali Alhamadi","FWD",3,2,180,0,0,0,0,0,NA,NA
"Iraq","IRQ","Ali Kadhim Mohanad Ali","FWD",1,0,12,0,0,0,0,0,NA,NA
"Iraq","IRQ","Ihab Ahmed Ahmed","FWD",3,2,123,0,0,0,0,0,NA,NA
"Iraq","IRQ","Hasan Hachim Jalal Hassan","GK",2,1,134,0,0,0,0,0,7,4
"Iraq","IRQ","Yousif Hashim Ali Yousif","FWD",1,0,33,0,0,0,0,0,NA,NA
"Iraq","IRQ","Aamar Iqbal Zidane","MID",3,2,188,0,0,0,0,0,NA,NA
"Iraq","IRQ","Hasan Maknazi Ahmed Maknazi","DEF",1,0,33,0,0,0,0,0,NA,NA
"Iraq","IRQ","Fouad Aboud Amir Alammari","MID",3,3,248,0,1,1,0,0,NA,NA
"Iraq","IRQ","Jasim Elaibi Ali Jasim","FWD",2,2,130,0,0,0,0,0,NA,NA
"Iraq","IRQ","Hussein Ghadhban Aymen","FWD",2,2,116,1,0,0,0,0,NA,NA
"Iraq","IRQ","Yakob William Kevin Yakob","MID",1,0,23,0,0,0,0,0,NA,NA
"Iraq","IRQ","Hazar Anwar Aimar","MID",1,0,22,0,0,0,0,0,NA,NA
"Iraq","IRQ","Jabbar Hussein Marko Farji","FWD",2,0,53,0,0,0,0,0,NA,NA
"Iraq","IRQ","Basil Fadhil Ahmed","GK",2,2,136,0,0,0,0,0,9,8
"Iraq","IRQ","Ghazi Salih Merchas","DEF",3,3,270,0,0,1,0,0,NA,NA
"Iraq","IRQ","Ismael Khaleel Zaid Ismael","MID",2,2,119,0,0,0,0,0,NA,NA
"Iraq","IRQ","Saadoon Abbood Mustafa","DEF",1,0,17,0,0,0,0,0,NA,NA
"Iraq","IRQ","Dhia Jirjis Frans","DEF",1,1,90,0,0,0,0,0,NA,NA
"Norway","NOR","Ørjan Haskjold Nyland","GK",5,5,450,0,0,0,0,0,15,7
"Norway","NOR","Morten Thorsby","MID",1,0,44,0,0,0,0,0,NA,NA
"Norway","NOR","Kristoffer Vassbakk Köpp Ajer","DEF",5,5,450,0,0,0,0,0,NA,NA
"Norway","NOR","Leo Skiri Ostigard","DEF",4,1,114,1,0,0,0,0,NA,NA
"Norway","NOR","David Møller Moller Wolfe","DEF",4,4,343,0,1,0,0,0,NA,NA
"Norway","NOR","Patrick Berg","MID",5,3,323,0,2,1,0,0,NA,NA
"Norway","NOR","Alexander Sorloth","FWD",4,4,273,0,0,0,0,0,NA,NA
"Norway","NOR","Sander Gard Bolin Berge","MID",5,5,450,0,0,0,0,0,NA,NA
"Norway","NOR","Erling Braut Haaland","FWD",5,5,450,7,0,0,0,0,NA,NA
"Norway","NOR","Martín Odegaard","MID",5,4,381,0,3,0,0,0,NA,NA
"Norway","NOR","Jørgen Strand Strand Larsen","FWD",1,1,90,0,0,0,0,0,NA,NA
"Norway","NOR","Sander Tangvik","GK",0,0,0,0,0,0,0,0,0,0
"Norway","NOR","Egil Selvik","GK",1,1,90,0,0,0,0,0,4,4
"Norway","NOR","Fredrik Aursnes","MID",6,4,333,0,0,0,0,0,NA,NA
"Norway","NOR","Fredrik André Bjorkan","DEF",2,2,136,0,0,0,0,0,NA,NA
"Norway","NOR","Marcus Holmgren Holmgren Pedersen","DEF",4,2,294,1,0,0,0,0,NA,NA
"Norway","NOR","Torbjørn Lysaker Heggem","DEF",5,5,444,0,0,0,0,0,NA,NA
"Norway","NOR","Kristian Thorstvedt","MID",3,2,153,0,0,0,0,0,NA,NA
"Norway","NOR","Thelonious Gerard Aasgaard","MID",1,1,90,1,0,0,0,0,NA,NA
"Norway","NOR","Antonio Eromonsele Nordby Nusa","FWD",6,5,357,1,0,0,0,0,NA,NA
"Norway","NOR","Andreas Rædergård Schjelderup","MID",6,1,213,1,2,0,0,0,NA,NA
"Norway","NOR","Oscar Bobb","MID",6,2,260,0,0,0,0,0,NA,NA
"Norway","NOR","Jens Petter Hauge","MID",1,0,7,0,0,0,0,0,NA,NA
"Norway","NOR","Sondre Klingen Langas","DEF",1,0,24,0,0,0,0,0,NA,NA
"Norway","NOR","Henrik Sælebakke Falchener","DEF",1,1,66,0,0,0,0,0,NA,NA
"Norway","NOR","Julian Ryerson","FWD",3,3,166,0,0,0,0,0,NA,NA
"Argentina","ARG","Juan Agustín Musso","GK",3,2,210,0,0,0,0,0,4,3
"Argentina","ARG","Marcos Nicolás Senesi","DEF",4,3,289,0,0,0,0,0,NA,NA
"Argentina","ARG","Nicolás Alejandro Tagliafico","DEF",5,3,334,0,0,0,0,0,NA,NA
"Argentina","ARG","Gonzalo Ariel Montiel","DEF",4,2,137,0,0,0,0,0,NA,NA
"Argentina","ARG","Leandro Daniel Paredes","MID",5,2,273,0,0,0,0,0,NA,NA
"Argentina","ARG","Lisandro Martinez","DEF",7,7,595,1,0,0,0,0,NA,NA
"Argentina","ARG","Rodrigo Javier De Paul","MID",5,4,343,0,1,0,0,0,NA,NA
"Argentina","ARG","Valentin Barco","MID",3,2,199,0,0,0,0,0,NA,NA
"Argentina","ARG","Julián Alvarez","FWD",8,5,571,2,0,0,0,0,NA,NA
"Argentina","ARG","Lionel Andrés Messi","FWD",8,5,590,8,4,0,0,0,NA,NA
"Argentina","ARG","Giovani Lo Celso","MID",1,1,60,1,0,0,0,0,NA,NA
"Argentina","ARG","Geronimo Rulli","GK",0,0,0,0,0,0,0,0,0,0
"Argentina","ARG","Cristian Gabriel Romero","DEF",7,7,596,1,0,0,0,0,NA,NA
"Argentina","ARG","Exequiel Alejandro Palacios","MID",3,3,270,0,0,0,0,0,NA,NA
"Argentina","ARG","Nicolas Ivan Gonzalez","MID",5,1,189,0,1,0,0,0,NA,NA
"Argentina","ARG","Thiago Ezequiel Almada","FWD",4,3,212,0,0,0,0,0,NA,NA
"Argentina","ARG","Giuliano Simeone","FWD",3,2,194,0,0,0,0,0,NA,NA
"Argentina","ARG","Nicolas Paz","FWD",4,3,250,0,0,0,0,0,NA,NA
"Argentina","ARG","Nicolas Hernan Gonzalo Otamendi","DEF",5,1,228,0,0,0,0,0,NA,NA
"Argentina","ARG","Alexis Mac Allister","MID",8,7,720,1,1,0,0,0,NA,NA
"Argentina","ARG","Jose Manuel Alberto Lopez","FWD",2,0,38,0,1,0,0,0,NA,NA
"Argentina","ARG","Lautaro Javier Martinez","FWD",6,4,281,3,0,0,0,0,NA,NA
"Argentina","ARG","Damián Emiliano Martinez","GK",6,6,600,0,0,0,0,0,12,5
"Argentina","ARG","Enzo Jeremías Fernandez","MID",7,7,663,1,0,0,0,0,NA,NA
"Argentina","ARG","Facundo Axel Medina","DEF",4,3,308,0,1,0,0,0,NA,NA
"Argentina","ARG","Nahuel Molina","DEF",7,5,553,0,0,0,0,0,NA,NA
"Algeria","ALG","Melvin Feycal Mastil","GK",0,0,0,0,0,0,0,0,0,0
"Algeria","ALG","Aissa Mandi","DEF",4,4,360,0,0,0,0,0,NA,NA
"Algeria","ALG","Achref Abada","DEF",0,0,0,0,0,0,0,0,NA,NA
"Algeria","ALG","Mohamed Amine Tougai","DEF",0,0,0,0,0,0,0,0,NA,NA
"Algeria","ALG","Zineddine Belaid","DEF",2,0,23,0,0,0,0,0,NA,NA
"Algeria","ALG","Ramiz Larbi Zerrouki","MID",3,2,111,0,0,0,0,0,NA,NA
"Algeria","ALG","Riyad Karim Mahrez","FWD",4,3,282,2,2,0,0,0,NA,NA
"Algeria","ALG","Houssem-Eddine Chaabane Aouar","MID",3,2,174,0,2,0,0,0,NA,NA
"Algeria","ALG","Amine Ferid Gouiri","FWD",4,3,253,1,0,0,0,0,NA,NA
"Algeria","ALG","Fares Chaibi","MID",4,4,360,0,0,0,0,0,NA,NA
"Algeria","ALG","Anis Hadj Moussa","FWD",3,1,97,0,0,0,0,0,NA,NA
"Algeria","ALG","Ahmed Nadhir Benbouali","FWD",1,0,45,1,0,0,0,0,NA,NA
"Algeria","ALG","Jaouen Djimmy Hadjam","DEF",3,1,108,0,0,0,0,0,NA,NA
"Algeria","ALG","Hicham Boudaoui","MID",3,2,128,0,0,0,0,0,NA,NA
"Algeria","ALG","Rayan Ait-Nouri","DEF",4,3,284,0,0,0,0,0,NA,NA
"Algeria","ALG","Oussama Benbot","GK",1,1,90,0,0,0,0,0,0,3
"Algeria","ALG","Rafik Belghali","DEF",4,4,333,1,0,0,0,0,NA,NA
"Algeria","ALG","Mohammed Elamine Amoura","FWD",1,0,26,0,0,0,0,0,NA,NA
"Algeria","ALG","Nabil Bentaleb","MID",4,3,288,0,0,0,0,0,NA,NA
"Algeria","ALG","Adil Boulbina","FWD",2,0,16,0,0,0,0,0,NA,NA
"Algeria","ALG","Selmane Rami Bensebaini","DEF",4,4,341,0,0,0,0,0,NA,NA
"Algeria","ALG","Ibrahim Maza","MID",4,4,352,0,0,0,0,0,NA,NA
"Algeria","ALG","Luca Zinedine Zidane","GK",3,3,270,0,0,0,0,0,8,6
"Algeria","ALG","Yassine Titraoui","MID",0,0,0,0,0,0,0,0,NA,NA
"Algeria","ALG","Fares Ghedjemis","FWD",1,0,1,0,0,0,0,0,NA,NA
"Algeria","ALG","Samir Sophian Chergui","DEF",1,0,19,0,0,0,0,0,NA,NA
"Austria","AUT","Alexander Schlager","GK",4,4,360,0,0,0,0,0,12,9
"Austria","AUT","David Leopold Affengruber","DEF",0,0,0,0,0,0,0,0,NA,NA
"Austria","AUT","Kevin Danso","DEF",4,2,239,0,0,0,0,0,NA,NA
"Austria","AUT","Xaver Schlager","MID",4,4,240,0,1,0,0,0,NA,NA
"Austria","AUT","Stefan Posch","DEF",4,4,332,0,0,0,0,0,NA,NA
"Austria","AUT","Nicolas Seiwald","MID",4,4,315,0,1,0,0,0,NA,NA
"Austria","AUT","Marko Arnautovic","FWD",4,1,143,2,0,0,0,0,NA,NA
"Austria","AUT","David Alaba","DEF",4,4,278,0,1,0,0,0,NA,NA
"Austria","AUT","Marcel Sabitzer","MID",4,4,360,1,0,0,0,0,NA,NA
"Austria","AUT","Florian Grillitsch","MID",2,0,89,0,0,0,0,0,NA,NA
"Austria","AUT","Michael Gregoritsch","FWD",3,2,189,0,1,0,0,0,NA,NA
"Austria","AUT","Florian Wiegele","GK",0,0,0,0,0,0,0,0,0,0
"Austria","AUT","Patrick Pentz","GK",0,0,0,0,0,0,0,0,0,0
"Austria","AUT","Saša Kalajdzic","FWD",3,1,77,1,0,0,0,0,NA,NA
"Austria","AUT","Philipp Lienhart","DEF",2,2,180,0,0,0,0,0,NA,NA
"Austria","AUT","Phillip Mwene","DEF",2,2,149,0,0,0,0,0,NA,NA
"Austria","AUT","Carney Chibueze Chukwuemeka","MID",3,0,81,0,0,0,0,0,NA,NA
"Austria","AUT","Romano Schmid","MID",4,4,267,1,0,0,0,0,NA,NA
"Austria","AUT","Dejan Ljubicic","MID",0,0,0,0,0,0,0,0,NA,NA
"Austria","AUT","Konrad Laimer","MID",4,4,360,0,0,0,0,0,NA,NA
"Austria","AUT","Patrick Wimmer","FWD",2,0,19,0,0,0,0,0,NA,NA
"Austria","AUT","Alexander Prass","MID",2,0,28,0,0,0,0,0,NA,NA
"Austria","AUT","Marco Friedl","DEF",1,0,23,0,0,0,0,0,NA,NA
"Austria","AUT","Paul Wanner","MID",4,2,232,0,0,0,0,0,NA,NA
"Austria","AUT","Michael Svoboda","DEF",0,0,0,0,0,0,0,0,NA,NA
"Austria","AUT","Alessandro Andre Schoepf","MID",0,0,0,0,0,0,0,0,NA,NA
"Jordan","JOR","Mo'ien Hasan Yazeed Abulaila","GK",3,3,270,0,0,0,0,0,11,8
"Jordan","JOR","Ali Hasan Mohammad","DEF",1,0,5,0,0,0,0,0,NA,NA
"Jordan","JOR","Mousa Musallam Abdallah Nasib","DEF",3,3,261,0,0,0,0,0,NA,NA
"Jordan","JOR","Ali Mohammad Husam Abudahab","DEF",2,2,180,0,0,0,0,0,NA,NA
"Jordan","JOR","Mousa Mahmoud Yazan Alarab","DEF",3,3,270,0,0,0,0,1,NA,NA
"Jordan","JOR","Rasem Adel Amer Jamous","MID",1,0,14,0,0,0,0,0,NA,NA
"Jordan","JOR","Faisal Yousef Mohammad","FWD",2,0,2,0,0,0,0,0,NA,NA
"Jordan","JOR","Mahmoud Ali Noor Alrawabdeh","MID",3,3,270,0,1,0,0,0,NA,NA
"Jordan","JOR","Iyad Ali Ali Olwan","FWD",3,3,270,1,0,0,0,0,NA,NA
"Jordan","JOR","Mohammad Mousa Mousa Altamari","FWD",3,2,216,1,1,0,0,0,NA,NA
"Jordan","JOR","Burhan Shehadeh Odeh Fakhoury","FWD",0,0,0,0,0,0,0,0,NA,NA
"Jordan","JOR","Zaid Khaleel Nour Baniateyah","GK",0,0,0,0,0,0,0,0,0,0
"Jordan","JOR","Nayef Ahmad Mahmoud Almardi","FWD",3,1,128,0,0,0,0,0,NA,NA
"Jordan","JOR","Ayed Fadel Rajaei Ayed","MID",0,0,0,0,0,0,0,0,NA,NA
"Jordan","JOR","Mohammad Sami Ibrahim","MID",0,0,0,0,0,0,0,0,NA,NA
"Jordan","JOR","Majed Jamil Mohammad Abualnadi","DEF",1,1,72,0,0,0,0,0,NA,NA
"Jordan","JOR","Amer Saleem Saleem","DEF",3,0,20,0,0,0,0,0,NA,NA
"Jordan","JOR","Ahmed Mohammad Mohammad","MID",0,0,0,0,0,0,0,0,NA,NA
"Jordan","JOR","Ahmad Salameh Saed","DEF",1,0,9,0,0,0,0,0,NA,NA
"Jordan","JOR","Mahmoud Saleh Mohannad Abutaha","MID",3,3,265,0,0,0,0,0,NA,NA
"Jordan","JOR","Mahmoud Ahmed Nizar Alrashdan","MID",3,3,256,1,0,0,0,0,NA,NA
"Jordan","JOR","Ra'ed Mahmoud Abdallah Alfakhori","GK",3,2,149,0,0,0,0,0,7,6
"Jordan","JOR","Manel Farhan Ehsan Haddad","DEF",3,3,262,0,1,0,0,0,NA,NA
"Jordan","JOR","Ahmad Ali Ali Azaizeh","FWD",3,1,53,0,0,0,0,0,NA,NA
"Jordan","JOR","Ratib Mohammad Mohammad Aldaoud","MID",1,0,2,0,0,0,0,0,NA,NA
"Jordan","JOR","Said Ghazi Anas Badawi","DEF",0,0,0,0,0,0,0,0,NA,NA
"Portugal","POR","Diogo Diogo Costa","GK",5,5,450,0,0,0,0,0,22,3
"Portugal","POR","SEMEDONélson Nelson","DEF",3,0,89,0,0,0,0,0,NA,NA
"Portugal","POR","Rúben Ruben Dias","DEF",4,4,360,0,0,0,0,0,NA,NA
"Portugal","POR","Tomás Tomas Araujo","DEF",2,2,180,0,0,0,0,0,NA,NA
"Portugal","POR","Diogo Diogo Dalot","DEF",2,1,134,0,0,0,0,0,NA,NA
"Portugal","POR","Luiz Matheus","MID",2,1,91,0,0,0,0,0,NA,NA
"Portugal","POR","Ronaldo Cristiano Ronaldo","FWD",4,4,351,3,0,0,0,0,NA,NA
"Portugal","POR","Miguel Bruno","MID",4,4,333,0,1,0,0,0,NA,NA
"Portugal","POR","RAMOSGonçalo Goncalo","FWD",3,1,124,1,0,0,0,0,NA,NA
"Portugal","POR","Bernardo Bernardo Silva","MID",3,1,88,0,0,0,0,0,NA,NA
"Portugal","POR","João Joao Felix","FWD",2,2,133,0,0,0,0,0,NA,NA
"Portugal","POR","Pedro Jose Sa","GK",0,0,0,0,0,0,0,0,0,0
"Portugal","POR","Renato Renato Veiga","DEF",4,4,360,0,0,0,0,0,NA,NA
"Portugal","POR","Gonçalo Goncalo Inacio","DEF",0,0,0,0,0,0,0,0,NA,NA
"Portugal","POR","Pedro Joao Neves","MID",5,4,390,1,0,0,0,0,NA,NA
"Portugal","POR","António Francisco Trincao","FWD",1,0,27,0,0,0,0,0,NA,NA
"Portugal","POR","Alexandre Rafael Leao","FWD",4,1,135,1,1,0,0,0,NA,NA
"Portugal","POR","Pedro Pedro Neto","FWD",4,4,271,0,1,0,0,0,NA,NA
"Portugal","POR","Manuel Goncalo","FWD",0,0,0,0,0,0,0,0,NA,NA
"Portugal","POR","Pedro Joao Cancelo","DEF",4,4,245,0,1,0,0,0,NA,NA
"Portugal","POR","Diogo Ruben","MID",3,2,145,0,0,0,0,0,NA,NA
"Portugal","POR","Tiago Rui Silva","GK",0,0,0,0,0,0,0,0,0,0
"Portugal","POR","Vitor Vitinha","MID",5,5,388,0,1,0,0,0,NA,NA
"Portugal","POR","Samuel Samu Costa","DEF",1,0,20,0,0,0,0,0,NA,NA
"Portugal","POR","Alexandre Nuno","DEF",5,5,432,1,0,0,0,0,NA,NA
"Portugal","POR","Francisco Francisco Conceicao","FWD",4,1,205,0,0,0,0,0,NA,NA
"Congo DR","COD","Lionel Nzau Mpasi","GK",4,4,360,0,0,0,0,0,12,5
"Congo DR","COD","Wan Wan-Bissaka","DEF",4,4,355,0,0,0,0,0,NA,NA
"Congo DR","COD","Steve Nkanu Kapuadi","DEF",2,2,180,0,0,0,0,0,NA,NA
"Congo DR","COD","Axel Tuanzebe","DEF",4,4,360,0,0,0,0,0,NA,NA
"Congo DR","COD","Dylan Buduka Batubinsika","DEF",0,0,0,0,0,0,0,0,NA,NA
"Congo DR","COD","Ngal’ayel Mukau","MID",4,3,197,0,0,0,0,0,NA,NA
"Congo DR","COD","Nathanaël Mbuku","MID",3,2,144,0,0,0,0,0,NA,NA
"Congo DR","COD","Samuel Alain Moutoussamy","MID",4,4,333,0,0,0,0,0,NA,NA
"Congo DR","COD","Kibambe Brian Cipenga","FWD",2,2,148,1,0,0,0,0,NA,NA
"Congo DR","COD","Theo Mbulofeko Batombo Bongonda","MID",2,0,32,0,0,0,0,0,NA,NA
"Congo DR","COD","Gaël Roméo Kakuta","FWD",0,0,0,0,0,0,0,0,NA,NA
"Congo DR","COD","Joris Kayembe","DEF",4,0,43,0,0,0,0,0,NA,NA
"Congo DR","COD","Meschack Lina Elia","FWD",2,0,44,0,1,0,0,0,NA,NA
"Congo DR","COD","Noah Junior Sadiki","MID",4,2,257,0,0,0,0,0,NA,NA
"Congo DR","COD","Tshibola Tshibola","MID",0,0,0,0,0,0,0,0,NA,NA
"Congo DR","COD","Timothy Bruce Munzoko Fayulu","GK",0,0,0,0,0,0,0,0,0,0
"Congo DR","COD","Cedric Bakambu","FWD",3,3,193,0,0,0,0,0,NA,NA
"Congo DR","COD","Charles Monginda Pickel","MID",2,0,35,0,0,0,0,0,NA,NA
"Congo DR","COD","Mayele Fiston Mayele","FWD",2,0,40,1,0,0,0,0,NA,NA
"Congo DR","COD","Yoane Wissa","FWD",4,4,360,3,0,0,0,0,NA,NA
"Congo DR","COD","Matthieu Luka Epolo","GK",0,0,0,0,0,0,0,0,0,0
"Congo DR","COD","Mangulu Chancel Mbemba","DEF",4,4,360,0,0,0,0,0,NA,NA
"Congo DR","COD","Simon Bokote Banza","FWD",2,0,38,0,0,0,0,0,NA,NA
"Congo DR","COD","Gédéon Tchingoma Kyatengwa Kalulu","DEF",1,0,5,0,0,0,0,0,NA,NA
"Congo DR","COD","Edo Kayembe Kayembe","MID",3,2,159,0,0,0,0,0,NA,NA
"Congo DR","COD","Arthur Fuka Masuaku","DEF",4,4,317,0,1,0,0,0,NA,NA
"Uzbekistan","UZB","Utkir Yusupov","GK",1,1,90,0,0,0,0,0,6,3
"Uzbekistan","UZB","Abdukodir Khusanov","DEF",3,3,270,0,0,0,0,1,NA,NA
"Uzbekistan","UZB","Khojiakbar Alijonov","DEF",2,1,134,0,0,0,0,0,NA,NA
"Uzbekistan","UZB","Farrukh Sayfiev","DEF",1,0,44,0,0,0,0,0,NA,NA
"Uzbekistan","UZB","Rustamjon Ashurmatov","DEF",3,3,257,0,0,0,0,0,NA,NA
"Uzbekistan","UZB","Akmal Mozgovoy","MID",3,2,216,0,1,0,0,0,NA,NA
"Uzbekistan","UZB","Otabek Shukurov","MID",3,3,238,0,0,0,0,0,NA,NA
"Uzbekistan","UZB","Jamshid Iskanderov","MID",1,0,8,0,0,0,0,0,NA,NA
"Uzbekistan","UZB","Odiljon Xamrobekov","MID",2,1,78,0,0,0,0,0,NA,NA
"Uzbekistan","UZB","Ruslanbek Jiyanov","MID",1,0,1,0,0,0,0,0,NA,NA
"Uzbekistan","UZB","Oston Urunov","MID",2,1,63,0,0,0,0,0,NA,NA
"Uzbekistan","UZB","Abduvakhid Nematov","GK",2,2,180,0,0,0,0,0,4,8
"Uzbekistan","UZB","Sherzod Nasrullaev","DEF",3,3,182,0,0,0,0,0,NA,NA
"Uzbekistan","UZB","Eldor Shomurodov","FWD",3,3,270,1,0,0,0,0,NA,NA
"Uzbekistan","UZB","Umarbek Eshmurodov","DEF",0,0,0,0,0,0,0,0,NA,NA
"Uzbekistan","UZB","Botirali Ergashev","GK",0,0,0,0,0,0,0,0,0,0
"Uzbekistan","UZB","Dostonbek Khamdamov","MID",2,1,102,0,0,0,0,0,NA,NA
"Uzbekistan","UZB","Abdulla Abdullaev","DEF",2,2,180,0,0,0,0,0,NA,NA
"Uzbekistan","UZB","Azizjon Ganiev","MID",2,1,122,0,0,0,0,0,NA,NA
"Uzbekistan","UZB","Azizbek Amonov","FWD",1,0,13,0,0,0,0,0,NA,NA
"Uzbekistan","UZB","Igor Sergeev","FWD",3,0,26,0,0,0,0,0,NA,NA
"Uzbekistan","UZB","Abbosbek Fayzullaev","MID",3,3,223,1,0,0,0,0,NA,NA
"Uzbekistan","UZB","Sherzod Esanov","MID",1,0,1,0,0,0,0,0,NA,NA
"Uzbekistan","UZB","Behruzjon Karimov","DEF",2,2,180,0,0,0,0,0,NA,NA
"Uzbekistan","UZB","Avazbek Ulmasaliyev","DEF",0,0,0,0,0,0,0,0,NA,NA
"Uzbekistan","UZB","Jakhongir Urozov","DEF",2,1,95,0,0,0,0,0,NA,NA
"Colombia","COL","David Ospina","GK",1,1,90,0,0,0,0,0,3,0
"Colombia","COL","Daniel Munoz","DEF",5,4,363,2,0,0,0,0,NA,NA
"Colombia","COL","Jhon Janer Lucumi","DEF",5,5,450,0,0,0,0,0,NA,NA
"Colombia","COL","Santiago Arias","DEF",1,1,87,0,0,0,0,0,NA,NA
"Colombia","COL","Kevin Duvan Castano","MID",2,0,15,0,0,0,0,0,NA,NA
"Colombia","COL","Richard Rios","MID",5,1,187,0,0,0,0,0,NA,NA
"Colombia","COL","Luis Fernando Diaz","FWD",5,5,450,1,1,0,0,0,NA,NA
"Colombia","COL","Jorge Andres Carrascal","MID",0,0,0,0,0,0,0,0,NA,NA
"Colombia","COL","Jhon Andrés Cordoba","FWD",3,2,100,0,0,0,0,0,NA,NA
"Colombia","COL","James David Rodriguez","MID",4,4,252,0,0,0,0,0,NA,NA
"Colombia","COL","Jhon Adolfo Arias","MID",5,5,406,1,0,0,0,0,NA,NA
"Colombia","COL","Camilo Andres Vargas","GK",4,4,360,0,0,0,0,0,6,1
"Colombia","COL","Yerry Fernando Mina","DEF",1,1,90,0,0,0,0,0,NA,NA
"Colombia","COL","Gustavo Adolfo Puerta","DEF",4,4,350,0,1,0,0,0,NA,NA
"Colombia","COL","Juan Camilo Portilla","MID",1,1,90,0,0,0,0,0,NA,NA
"Colombia","COL","Jefferson Andrés Lerma","MID",5,5,420,0,0,0,0,0,NA,NA
"Colombia","COL","Johan Andrés Mojica","DEF",3,3,270,0,0,0,0,0,NA,NA
"Colombia","COL","Willer Emilio Ditta","DEF",0,0,0,0,0,0,0,0,NA,NA
"Colombia","COL","Juan Camilo Hernandez","FWD",1,0,10,0,1,0,0,0,NA,NA
"Colombia","COL","Juan Fernando Quintero","MID",3,0,63,0,1,0,0,0,NA,NA
"Colombia","COL","Jaminton Leandro Campaz","FWD",2,0,21,1,0,0,0,0,NA,NA
"Colombia","COL","Deiver Machado","DEF",2,2,180,0,0,0,0,0,NA,NA
"Colombia","COL","Davinson Sanchez","DEF",4,4,360,0,0,0,0,0,NA,NA
"Colombia","COL","Álvaro David Montero","GK",0,0,0,0,0,0,0,0,0,0
"Colombia","COL","Luis Javier Suarez","FWD",5,3,340,0,1,0,0,0,NA,NA
"Colombia","COL","Carlos Andrés Gomez","FWD",1,0,1,0,0,0,0,0,NA,NA
"England","ENG","Jordan Lee Pickford","GK",7,7,630,0,0,0,0,0,17,8
"England","ENG","Ezri Ngoyo Konsa","DEF",7,6,558,1,0,0,0,0,NA,NA
"England","ENG","Nico Oreilly","DEF",7,5,468,0,0,0,0,0,NA,NA
"England","ENG","Declan Rice","MID",7,7,604,1,2,0,0,0,NA,NA
"England","ENG","John Stones","DEF",4,2,211,0,0,0,0,0,NA,NA
"England","ENG","Keaninkin Marc-Isreal Guehi","DEF",7,6,543,0,0,0,0,0,NA,NA
"England","ENG","Bukayo Ayoyinka Saka","FWD",7,4,373,3,3,0,0,0,NA,NA
"England","ENG","Elliot Junior Anderson","MID",8,7,604,0,1,0,0,0,NA,NA
"England","ENG","Harry Edward Kane","FWD",6,6,534,6,1,0,0,0,NA,NA
"England","ENG","Jude Victor William Bellingham","MID",8,7,596,7,1,0,0,0,NA,NA
"England","ENG","Marcus Rashford","FWD",5,3,220,1,1,0,0,0,NA,NA
"England","ENG","Trevoh Tom Chalobah","DEF",1,0,1,0,0,0,0,0,NA,NA
"England","ENG","Dean Bradley Henderson","GK",1,1,90,0,0,0,0,0,5,4
"England","ENG","Jordan Brian Henderson","MID",2,0,7,0,0,0,0,0,NA,NA
"England","ENG","Daniel Johnson Burn","DEF",2,0,23,0,0,0,0,0,NA,NA
"England","ENG","Kobbie Boateng Mainoo","MID",0,0,0,0,0,0,0,0,NA,NA
"England","ENG","Morgan Elliot Rogers","MID",7,4,395,0,1,0,0,0,NA,NA
"England","ENG","Anthony Michael Gordon","FWD",6,5,419,1,3,0,0,0,NA,NA
"England","ENG","George Arthur Watkins","FWD",2,0,51,0,0,0,0,0,NA,NA
"England","ENG","Azuka Tristan Madueke","FWD",4,3,242,0,0,0,0,0,NA,NA
"England","ENG","Eberechi Oluchi Eze","MID",4,1,134,0,1,0,0,0,NA,NA
"England","ENG","Ivan Benjamin Elijah Toney","FWD",1,1,79,0,0,0,0,0,NA,NA
"England","ENG","James Harrington Trafford","GK",0,0,0,0,0,0,0,0,0,0
"England","ENG","Reece Lewis James","DEF",5,4,359,0,0,0,0,0,NA,NA
"England","ENG","Tehuti Djed-Hotep Spence","DEF",8,5,450,0,0,0,0,0,NA,NA
"England","ENG","Jarell Amorin Quansah","DEF",4,4,297,0,0,0,1,0,NA,NA
"Croatia","CRO","Dominik Livakovic","GK",4,4,360,0,0,0,0,0,8,7
"Croatia","CRO","Josip Stanisic","DEF",4,4,360,0,2,0,0,0,NA,NA
"Croatia","CRO","Marin Pongracic","DEF",3,3,270,0,0,0,0,0,NA,NA
"Croatia","CRO","Joško Gvardiol","DEF",4,2,139,0,0,0,0,0,NA,NA
"Croatia","CRO","Duje Caleta-Car","DEF",0,0,0,0,0,0,0,0,NA,NA
"Croatia","CRO","Josip Sutalo","DEF",4,4,360,0,0,0,0,0,NA,NA
"Croatia","CRO","Nikola Moro","MID",0,0,0,0,0,0,0,0,NA,NA
"Croatia","CRO","Mateo Kovacic","MID",4,3,272,0,0,0,0,0,NA,NA
"Croatia","CRO","Andrej Kramaric","FWD",3,0,57,0,0,0,0,0,NA,NA
"Croatia","CRO","Luka Modric","MID",4,4,319,0,1,0,0,0,NA,NA
"Croatia","CRO","Ante Budimir","FWD",3,2,155,1,0,0,0,0,NA,NA
"Croatia","CRO","Ivor Pandur","GK",0,0,0,0,0,0,0,0,0,0
"Croatia","CRO","Nikola Vlasic","MID",3,2,190,1,0,0,0,0,NA,NA
"Croatia","CRO","Ivan Perisic","FWD",4,4,360,1,1,0,0,0,NA,NA
"Croatia","CRO","Mario Pasalic","MID",4,1,121,0,0,0,0,0,NA,NA
"Croatia","CRO","Martin Baturina","MID",4,4,324,1,0,0,0,0,NA,NA
"Croatia","CRO","Petar Sucic","MID",4,3,288,1,1,0,0,0,NA,NA
"Croatia","CRO","Kristijan Jakic","DEF",0,0,0,0,0,0,0,0,NA,NA
"Croatia","CRO","Toni Fruk","MID",0,0,0,0,0,0,0,0,NA,NA
"Croatia","CRO","Igor Matanovic","FWD",3,0,93,0,0,0,0,0,NA,NA
"Croatia","CRO","Luka Sucic","MID",1,0,18,0,0,0,0,0,NA,NA
"Croatia","CRO","Luka Vuskovic","DEF",1,1,66,0,0,0,0,0,NA,NA
"Croatia","CRO","Dominik Kotarski","GK",0,0,0,0,0,0,0,0,0,0
"Croatia","CRO","Marco Pasalic","FWD",3,1,98,0,0,0,0,0,NA,NA
"Croatia","CRO","Martin Erlic","DEF",0,0,0,0,0,0,0,0,NA,NA
"Croatia","CRO","Petar Musa","FWD",2,2,112,1,0,0,0,0,NA,NA
"Ghana","GHA","Lawrence Ati Zigi","GK",2,2,136,0,0,0,0,0,12,1
"Ghana","GHA","Alidu Seidu","DEF",1,0,77,0,0,0,0,0,NA,NA
"Ghana","GHA","Caleb Marfo Yirenkyi","MID",4,3,264,1,0,0,0,0,NA,NA
"Ghana","GHA","Jonas Adjei Adjetey","DEF",3,3,226,0,0,0,0,0,NA,NA
"Ghana","GHA","Thomas Teye Partey","MID",3,3,270,0,0,0,0,0,NA,NA
"Ghana","GHA","Abdul Mumin Mumin","DEF",0,0,0,0,0,0,0,0,NA,NA
"Ghana","GHA","Abdul Fatawu Fatawu","FWD",4,0,128,0,0,0,0,0,NA,NA
"Ghana","GHA","Kwasi Sibo","MID",4,3,249,0,0,0,0,0,NA,NA
"Ghana","GHA","Jordan Pierre Ayew","FWD",4,4,303,0,0,0,0,0,NA,NA
"Ghana","GHA","Brandon Michael Clarke Thomas-Asante","FWD",2,0,51,0,0,0,0,0,NA,NA
"Ghana","GHA","Antoine Serlom Semenyo","MID",4,4,360,0,1,0,0,0,NA,NA
"Ghana","GHA","Joseph Tetteh Anang","GK",0,0,0,0,0,0,0,0,0,0
"Ghana","GHA","Christopher Bonsu Bonsu Baah","FWD",0,0,0,0,0,0,0,0,NA,NA
"Ghana","GHA","Gideon Mensah","DEF",4,4,360,0,0,0,0,0,NA,NA
"Ghana","GHA","Elisha Owusu","MID",3,2,152,0,0,0,0,0,NA,NA
"Ghana","GHA","Benjamin Asare","GK",3,2,224,0,0,0,0,0,5,2
"Ghana","GHA","Abdul Rahman Rahman","DEF",1,0,1,0,0,0,0,0,NA,NA
"Ghana","GHA","Jerome Opoku","DEF",3,3,270,0,0,0,0,0,NA,NA
"Ghana","GHA","Inaki Williams","FWD",2,2,128,0,0,0,0,0,NA,NA
"Ghana","GHA","Augustine Boakye","MID",0,0,0,0,0,0,0,0,NA,NA
"Ghana","GHA","Kojo Peprah Oppong","DEF",2,0,47,0,0,0,0,0,NA,NA
"Ghana","GHA","Kamal Deen Sulemana","FWD",2,2,129,0,0,0,0,0,NA,NA
"Ghana","GHA","Derrick Luckassen","DEF",2,2,180,1,0,0,0,0,NA,NA
"Ghana","GHA","Ernest Nuamah Nuamah","FWD",3,1,88,0,1,0,0,0,NA,NA
"Ghana","GHA","Prince Kwabena Adu","FWD",3,0,38,0,0,0,0,0,NA,NA
"Ghana","GHA","Marvin Elom Senaya","DEF",4,4,280,0,0,0,0,0,NA,NA
"Panama","PAN","Luis Ricardo Mejia","GK",0,0,0,0,0,0,0,0,0,0
"Panama","PAN","Cesar Rodolfo Blackman","DEF",2,2,180,0,0,0,0,0,NA,NA
"Panama","PAN","Jose Angel Cordoba","DEF",3,3,270,0,0,0,0,0,NA,NA
"Panama","PAN","Fidel Escobar","DEF",1,1,90,0,0,0,0,0,NA,NA
"Panama","PAN","Edgardo Issac Farina","DEF",0,0,0,0,0,0,0,0,NA,NA
"Panama","PAN","Cristian Jesus Martinez","MID",3,3,243,0,0,0,0,0,NA,NA
"Panama","PAN","Jose Luis Rodriguez","MID",3,3,235,0,0,0,0,0,NA,NA
"Panama","PAN","Adalberto Eliecer Carrasquilla","MID",0,0,0,0,0,0,0,0,NA,NA
"Panama","PAN","Tomas Abdiel Rodriguez","FWD",2,1,47,0,0,0,0,0,NA,NA
"Panama","PAN","Ismael Diaz","MID",2,0,35,0,0,0,0,0,NA,NA
"Panama","PAN","Edgar Yoel Barcenas","MID",3,3,251,0,0,0,0,0,NA,NA
"Panama","PAN","Cesar Jair Samudio","GK",0,0,0,0,0,0,0,0,0,0
"Panama","PAN","Jiovany Javier Ramos","DEF",2,2,167,0,0,0,0,0,NA,NA
"Panama","PAN","Carlos Miguel Harvey","DEF",3,3,268,0,0,0,0,0,NA,NA
"Panama","PAN","Eric Javier Davis","DEF",2,0,3,0,0,0,0,0,NA,NA
"Panama","PAN","Andres Alberto Andrade","DEF",3,3,270,0,0,0,0,0,NA,NA
"Panama","PAN","Jose Fajardo","FWD",3,1,154,0,0,0,0,0,NA,NA
"Panama","PAN","Cecilio Alfonso Waterman","FWD",2,1,76,0,0,0,0,0,NA,NA
"Panama","PAN","Alberto Abdiel Quintero","MID",1,0,2,0,0,0,0,0,NA,NA
"Panama","PAN","Anibal Casis Godoy","MID",1,0,1,0,0,0,0,0,NA,NA
"Panama","PAN","Cesar Augusto Yanis","MID",0,0,0,0,0,0,0,0,NA,NA
"Panama","PAN","Orlando Mosquera","GK",3,3,270,0,0,0,0,0,8,4
"Panama","PAN","Michael Amir Murillo","DEF",3,3,270,0,0,0,0,0,NA,NA
"Panama","PAN","Azarías Emmanuel Londono","FWD",3,0,53,0,0,0,0,0,NA,NA
"Panama","PAN","Roderick Alonso Miller","DEF",0,0,0,0,0,0,0,0,NA,NA
"Panama","PAN","Jorge Abdiel Gutierrez","DEF",1,1,88,0,0,0,0,0,NA,NA
